{
  "looped":false,
  "manualFov":false,
  "markers":[
    {
      "fov":20,
      "movingEnd":true,
      "movingStart":true,
      "pos":{
        "x":627.583313,
        "y":1339.302612,
        "z":160.1320038
      },
      "rot":{
        "z":0.7152379552,
        "w":0.6764159342,
        "x":0.1207760612,
        "y":-0.1277078476
      },
      "time":0,
      "trackPosition":true
    },
    {
      "fov":20,
      "movingEnd":true,
      "movingStart":true,
      "pos":{
        "x":627.6990967,
        "y":1343.601563,
        "z":159.9568481
      },
      "rot":{
        "z":0.7254977038,
        "w":0.686093708,
        "x":0.03718290519,
        "y":-0.039318408
      },
      "time":3,
      "trackPosition":true
    }
  ],
  "name":"camPath",
  "rotFixId":1,
  "version":"6"
}