{
  "looped":false,
  "manualFov":true,
  "markers":[
    {
      "fov":30,
      "movingEnd":true,
      "movingStart":true,
      "pos":{
        "x":621.4396362,
        "y":1337.51355,
        "z":159.7467804
      },
      "rot":{
        "z":-0.9823299051,
        "w":-0.02776400867,
        "x":-0.005229098473,
        "y":0.1850129017
      },
      "time":0,
      "trackPosition":true
    },
    {
      "cut":true,
      "fov":30,
      "movingEnd":true,
      "movingStart":true,
      "pos":{
        "x":627.5182038,
        "y":1333.548986,
        "z":158.832874
      },
      "rot":{
        "z":-0.9677264821,
        "w":0.1806617734,
        "x":0.03224186745,
        "y":0.1727056498
      },
      "time":12,
      "trackPosition":true
    },
    {
      "fov":30,
      "movingEnd":true,
      "movingStart":true,
      "pos":{
        "x":620.6206967,
        "y":1307.281983,
        "z":157.8812649
      },
      "rot":{
        "z":0.121212704,
        "w":0.9913324211,
        "x":0.05029603272,
        "y":-0.006149822194
      },
      "time":12,
      "trackPosition":true
    },
    {
      "fov":30,
      "movingEnd":true,
      "movingStart":true,
      "pos":{
        "x":620.7598613,
        "y":1319.567741,
        "z":157.9197132
      },
      "rot":{
        "z":0.1472895389,
        "w":0.9883865743,
        "x":0.03697844599,
        "y":-0.005510534441
      },
      "time":24,
      "trackPosition":true
    }
  ],
  "name":"camPath",
  "rotFixId":1,
  "version":"6"
}