{
  "looped":false,
  "manualFov":true,
  "markers":[
    {
      "fov":35,
      "movingEnd":true,
      "movingStart":true,
      "pos":{
        "x":628.8153687,
        "y":1355.50354,
        "z":158.0265198
      },
      "rot":{
        "z":-0.848290528,
        "w":0.5202960817,
        "x":0.05148061941,
        "y":0.08393398173
      },
      "time":0,
      "trackPosition":true
    },
    {
      "cut":true,
      "fov":35,
      "movingEnd":true,
      "movingStart":true,
      "pos":{
        "x":616.9799425,
        "y":1361.157836,
        "z":158.0265271
      },
      "rot":{
        "z":-0.9870009728,
        "w":0.1217437689,
        "x":0.01284385156,
        "y":0.1041276618
      },
      "time":12,
      "trackPosition":true
    },
    {
      "fov":35,
      "movingEnd":true,
      "movingStart":true,
      "pos":{
        "x":613.564251,
        "y":1349.511096,
        "z":157.1466296
      },
      "rot":{
        "z":-0.3439080695,
        "w":-0.9354100993,
        "x":-0.07702723752,
        "y":0.02831943826
      },
      "time":12,
      "trackPosition":true
    },
    {
      "fov":35,
      "movingEnd":true,
      "movingStart":true,
      "pos":{
        "x":617.4969696,
        "y":1345.265535,
        "z":157.2605542
      },
      "rot":{
        "z":-0.3439080695,
        "w":-0.9354100993,
        "x":-0.07702723752,
        "y":0.02831943826
      },
      "time":24,
      "trackPosition":true
    }
  ],
  "name":"camPath",
  "rotFixId":1,
  "version":"6"
}