{
  "looped":false,
  "manualFov":true,
  "markers":[
    {
      "fov":20,
      "movingEnd":true,
      "movingStart":true,
      "pos":{
        "x":-884.6940284,
        "y":-819.884083,
        "z":106.1170041
      },
      "rot":{
        "z":-0.8414518433,
        "w":-0.5401486763,
        "x":-0.007605212948,
        "y":0.01184751668
      },
      "time":0,
      "trackPosition":true
    },
    {
      "fov":20,
      "movingEnd":true,
      "movingStart":true,
      "pos":{
        "x":-891.3857427,
        "y":-819.0755615,
        "z":106.2941252
      },
      "rot":{
        "z":-0.8219177566,
        "w":-0.5694537832,
        "x":-0.007503410957,
        "y":0.01083000391
      },
      "time":3,
      "trackPosition":true
    }
  ],
  "name":"camPath",
  "rotFixId":1,
  "version":"6"
}