{
  "looped":false,
  "manualFov":true,
  "markers":[
    {
      "fov":20,
      "movingEnd":true,
      "movingStart":true,
      "pos":{
        "x":613.0549433,
        "y":198.3914655,
        "z":141.5478134
      },
      "rot":{
        "z":-0.9115147169,
        "w":0.4050229507,
        "x":0.02899083469,
        "y":0.0652446298
      },
      "time":0,
      "trackPosition":true
    },
    {
      "fov":20,
      "movingEnd":true,
      "movingStart":true,
      "pos":{
        "x":616.0448281,
        "y":203.449194,
        "z":141.7648558
      },
      "rot":{
        "z":-0.9371909326,
        "w":0.3475072723,
        "x":0.01049842281,
        "y":0.02831315328
      },
      "time":3,
      "trackPosition":true
    }
  ],
  "name":"camPath",
  "rotFixId":1,
  "version":"6"
}