{
  "looped":false,
  "manualFov":true,
  "markers":[
    {
      "fov":35,
      "movingEnd":true,
      "movingStart":true,
      "pos":{
        "x":597.821767,
        "y":180.0893227,
        "z":137.8102508
      },
      "rot":{
        "z":0.03370411768,
        "w":-0.9986398268,
        "x":-0.03975837323,
        "y":-0.001341846033
      },
      "time":0,
      "trackPosition":true
    },
    {
      "cut":true,
      "fov":35,
      "movingEnd":true,
      "movingStart":true,
      "pos":{
        "x":610.5580162,
        "y":192.4499402,
        "z":138.3937522
      },
      "rot":{
        "z":0.6794409316,
        "w":-0.7337295176,
        "x":-0.000739416602,
        "y":-0.0006847072291
      },
      "time":12,
      "trackPosition":true
    },
    {
      "fov":35,
      "movingEnd":true,
      "movingStart":true,
      "pos":{
        "x":595.532046,
        "y":194.634007,
        "z":139.4819102
      },
      "rot":{
        "z":0.9923727061,
        "w":0.09416865375,
        "x":0.007515215566,
        "y":-0.07919721172
      },
      "time":12,
      "trackPosition":true
    },
    {
      "fov":35,
      "movingEnd":true,
      "movingStart":true,
      "pos":{
        "x":609.9613592,
        "y":197.4187985,
        "z":139.49527
      },
      "rot":{
        "z":0.9963931425,
        "w":-0.01190022046,
        "x":-0.001003385169,
        "y":-0.08401240175
      },
      "time":28,
      "trackPosition":true
    }
  ],
  "name":"camPath",
  "rotFixId":3,
  "version":"6"
}