{
  "looped":false,
  "manualFov":true,
  "markers":[
    {
      "fov":30,
      "movingEnd":true,
      "movingStart":true,
      "pos":{
        "x":-883.4989669,
        "y":-831.4923678,
        "z":104.8361028
      },
      "rot":{
        "z":0.6709352263,
        "w":0.7399667589,
        "x":0.03549062618,
        "y":-0.03217970405
      },
      "time":0,
      "trackPosition":true
    },
    {
      "cut":true,
      "fov":30,
      "movingEnd":true,
      "movingStart":true,
      "pos":{
        "x":-874.788247,
        "y":-818.4312124,
        "z":104.754082
      },
      "rot":{
        "z":0.9969115761,
        "w":0.06659999318,
        "x":0.002773915371,
        "y":-0.04152175117
      },
      "time":12,
      "trackPosition":true
    },
    {
      "fov":30,
      "movingEnd":true,
      "movingStart":true,
      "pos":{
        "x":-864.885437,
        "y":-828.7807007,
        "z":103.5063934
      },
      "rot":{
        "z":0.6867044775,
        "w":-0.7263300963,
        "x":0.0215749349,
        "y":0.02039789412
      },
      "time":12,
      "trackPosition":true
    },
    {
      "fov":30,
      "movingEnd":true,
      "movingStart":true,
      "pos":{
        "x":-866.289856,
        "y":-823.0866699,
        "z":103.561676
      },
      "rot":{
        "z":0.8030945243,
        "w":-0.5947073728,
        "x":0.02196543624,
        "y":0.02966218745
      },
      "time":24,
      "trackPosition":true
    }
  ],
  "name":"camPath",
  "rotFixId":3,
  "version":"6"
}