{
  "looped":false,
  "manualFov":true,
  "markers":[
    {
      "fov":30,
      "movingEnd":true,
      "movingStart":true,
      "pos":{
        "x":626.8255807,
        "y":221.7744314,
        "z":144.0084755
      },
      "rot":{
        "z":-0.4502858489,
        "w":0.8909433199,
        "x":0.05251796598,
        "y":0.02654276244
      },
      "time":0,
      "trackPosition":true
    },
    {
      "cut":true,
      "fov":30,
      "movingEnd":true,
      "movingStart":true,
      "pos":{
        "x":613.9678555,
        "y":214.9008366,
        "z":144.0084755
      },
      "rot":{
        "z":0.03577225432,
        "w":0.9962579484,
        "x":0.07862871715,
        "y":-0.002823291368
      },
      "time":12,
      "trackPosition":true
    },
    {
      "fov":35,
      "movingEnd":true,
      "movingStart":true,
      "pos":{
        "x":608.86479,
        "y":224.8806696,
        "z":143.5284854
      },
      "rot":{
        "z":0.8376574934,
        "w":0.5419499296,
        "x":0.03692283394,
        "y":-0.05706927308
      },
      "time":12,
      "trackPosition":true
    },
    {
      "fov":35,
      "movingEnd":true,
      "movingStart":true,
      "pos":{
        "x":612.9560504,
        "y":233.781579,
        "z":143.5284854
      },
      "rot":{
        "z":0.8574878523,
        "w":0.5097511691,
        "x":0.0356539705,
        "y":-0.05997602054
      },
      "time":24,
      "trackPosition":true
    }
  ],
  "name":"camPath",
  "rotFixId":1,
  "version":"6"
}