{
  "looped":false,
  "manualFov":false,
  "markers":[
    {
      "fov":20,
      "movingEnd":true,
      "movingStart":true,
      "pos":{
        "x":-1094.746769,
        "y":961.4863694,
        "z":391.3263698
      },
      "rot":{
        "z":-0.8152811057,
        "w":-0.5553854495,
        "x":-0.09227642311,
        "y":0.1354576796
      },
      "time":0,
      "trackPosition":true
    },
    {
      "fov":20,
      "movingEnd":true,
      "movingStart":true,
      "pos":{
        "x":-1095.780908,
        "y":958.8574321,
        "z":391.3263698
      },
      "rot":{
        "z":-0.8152811057,
        "w":-0.5553854495,
        "x":-0.09227642311,
        "y":0.1354576796
      },
      "time":3,
      "trackPosition":true
    }
  ],
  "name":"camPath",
  "rotFixId":2,
  "version":"6"
}