{
  "looped":false,
  "manualFov":false,
  "markers":[
    {
      "fov":20,
      "movingEnd":true,
      "movingStart":true,
      "pos":{
        "x":-1640.490723,
        "y":1113.648926,
        "z":178.9498138
      },
      "rot":{
        "z":0.896755345,
        "w":-0.4302415436,
        "x":-0.04479116998,
        "y":-0.09335853705
      },
      "time":0,
      "trackPosition":true
    },
    {
      "fov":20,
      "movingEnd":true,
      "movingStart":true,
      "pos":{
        "x":-1644.406006,
        "y":1110.710449,
        "z":179.1272888
      },
      "rot":{
        "z":0.896755345,
        "w":-0.4302415436,
        "x":-0.04479116998,
        "y":-0.09335853705
      },
      "time":3,
      "trackPosition":true
    }
  ],
  "name":"camPath",
  "rotFixId":1,
  "version":"6"
}