{
  "looped":false,
  "manualFov":true,
  "markers":[
    {
      "fov":40,
      "movingEnd":true,
      "movingStart":true,
      "pos":{
        "x":-1681.682007,
        "y":1071.098022,
        "z":172.3552551
      },
      "rot":{
        "z":-0.4567768532,
        "w":0.8850579828,
        "x":0.07961701384,
        "y":0.04109019946
      },
      "time":0,
      "trackPosition":true
    },
    {
      "cut":true,
      "fov":40,
      "movingEnd":true,
      "movingStart":true,
      "pos":{
        "x":-1695.892721,
        "y":1077.033351,
        "z":171.1128621
      },
      "rot":{
        "z":0.6348349757,
        "w":0.7719375982,
        "x":-0.02558018382,
        "y":0.02103692761
      },
      "time":12,
      "trackPosition":true
    },
    {
      "fov":40,
      "movingEnd":true,
      "movingStart":true,
      "pos":{
        "x":-1695.017158,
        "y":1085.644283,
        "z":172.1525898
      },
      "rot":{
        "z":0.9398723993,
        "w":0.3268252687,
        "x":0.03255581226,
        "y":-0.0936228386
      },
      "time":12,
      "trackPosition":true
    },
    {
      "fov":40,
      "movingEnd":true,
      "movingStart":true,
      "pos":{
        "x":-1683.756456,
        "y":1084.524592,
        "z":171.6367194
      },
      "rot":{
        "z":0.9982066197,
        "w":0.01056161171,
        "x":0.00062341192,
        "y":-0.05892035444
      },
      "time":24,
      "trackPosition":true
    }
  ],
  "name":"camPath",
  "rotFixId":3,
  "version":"6"
}