{
  "looped":false,
  "manualFov":true,
  "markers":[
    {
      "fov":40,
      "movingEnd":true,
      "movingStart":true,
      "pos":{
        "x":-1694.25953,
        "y":1090.056222,
        "z":172.6355519
      },
      "rot":{
        "z":0.9452751675,
        "w":0.3179258192,
        "x":0.0233780583,
        "y":-0.06950897548
      },
      "time":0,
      "trackPosition":true
    },
    {
      "cut":true,
      "fov":40,
      "movingEnd":true,
      "movingStart":true,
      "pos":{
        "x":-1698.470263,
        "y":1075.811333,
        "z":172.4782803
      },
      "rot":{
        "z":0.5796566162,
        "w":0.8090318699,
        "x":0.07908713944,
        "y":-0.05666449659
      },
      "time":12,
      "trackPosition":true
    },
    {
      "fov":30,
      "movingEnd":true,
      "movingStart":true,
      "pos":{
        "x":-1683.623344,
        "y":1082.576079,
        "z":171.5603449
      },
      "rot":{
        "z":-0.751125627,
        "w":0.6583139453,
        "x":0.03251148617,
        "y":0.03709508299
      },
      "time":12,
      "trackPosition":true
    },
    {
      "fov":30,
      "movingEnd":true,
      "movingStart":true,
      "pos":{
        "x":-1683.180897,
        "y":1073.050549,
        "z":171.8903191
      },
      "rot":{
        "z":-0.438108458,
        "w":0.8961877288,
        "x":0.06294241182,
        "y":0.03076989575
      },
      "time":24,
      "trackPosition":true
    }
  ],
  "name":"camPath",
  "rotFixId":1,
  "version":"6"
}