{
  "looped":false,
  "manualFov":true,
  "markers":[
    {
      "fov":18,
      "movingEnd":true,
      "movingStart":true,
      "pos":{
        "x":-461.7567444,
        "y":-891.6896362,
        "z":138.1002045
      },
      "rot":{
        "z":0.7321990074,
        "w":0.6776764589,
        "x":0.04626527158,
        "y":-0.04998755008
      },
      "time":0,
      "trackPosition":true
    },
    {
      "fov":18,
      "movingEnd":true,
      "movingStart":true,
      "pos":{
        "x":-471.3146057,
        "y":-891.0174561,
        "z":139.0133972
      },
      "rot":{
        "z":0.6920773496,
        "w":0.7217724733,
        "x":0.006185569135,
        "y":-0.005931082788
      },
      "time":3,
      "trackPosition":true
    }
  ],
  "name":"camPath",
  "rotFixId":1,
  "version":"6"
}