{
  "looped":false,
  "manualFov":true,
  "markers":[
    {
      "fov":20,
      "movingEnd":true,
      "movingStart":true,
      "pos":{
        "x":-842.825397,
        "y":760.8745069,
        "z":268.3437057
      },
      "rot":{
        "z":0.8161434303,
        "w":0.5696115095,
        "x":0.05564388514,
        "y":-0.07972695519
      },
      "time":0,
      "trackPosition":true
    },
    {
      "fov":20,
      "movingEnd":true,
      "movingStart":true,
      "pos":{
        "x":-848.153259,
        "y":761.359066,
        "z":268.5254147
      },
      "rot":{
        "z":0.7486473701,
        "w":0.6618904851,
        "x":0.02503087001,
        "y":-0.02831177578
      },
      "time":3,
      "trackPosition":true
    }
  ],
  "name":"camPath",
  "rotFixId":1,
  "version":"6"
}