{
  "looped":false,
  "manualFov":true,
  "markers":[
    {
      "fov":25,
      "movingEnd":true,
      "movingStart":true,
      "pos":{
        "x":-427.1374334,
        "y":-895.8080318,
        "z":137.0051506
      },
      "rot":{
        "z":0.9396591239,
        "w":-0.3056178569,
        "x":-0.04755355078,
        "y":-0.1462091525
      },
      "time":0,
      "trackPosition":true
    },
    {
      "cut":true,
      "fov":25,
      "movingEnd":true,
      "movingStart":true,
      "pos":{
        "x":-448.5887194,
        "y":-897.118001,
        "z":136.8892917
      },
      "rot":{
        "z":0.860091451,
        "w":0.50274972,
        "x":0.04366076408,
        "y":-0.07469372619
      },
      "time":12,
      "trackPosition":true
    },
    {
      "fov":25,
      "movingEnd":true,
      "movingStart":true,
      "pos":{
        "x":-444.9527667,
        "y":-915.8984933,
        "z":137.2039414
      },
      "rot":{
        "z":0.1569971836,
        "w":0.9810562962,
        "x":0.1120660836,
        "y":-0.01793379194
      },
      "time":12,
      "trackPosition":true
    },
    {
      "fov":25,
      "movingEnd":true,
      "movingStart":true,
      "pos":{
        "x":-422.7031098,
        "y":-914.7343795,
        "z":138.1034139
      },
      "rot":{
        "z":-0.1000145141,
        "w":0.9834510288,
        "x":0.1502915892,
        "y":0.01528427937
      },
      "time":24,
      "trackPosition":true
    }
  ],
  "name":"camPath",
  "rotFixId":3,
  "version":"6"
}