{
  "looped":false,
  "manualFov":true,
  "markers":[
    {
      "fov":30,
      "movingEnd":true,
      "movingStart":true,
      "pos":{
        "x":-828.5643921,
        "y":759.0236816,
        "z":267.7368469
      },
      "rot":{
        "z":-0.8653968102,
        "w":0.4927712214,
        "x":0.04498480892,
        "y":0.07900159029
      },
      "time":0,
      "trackPosition":true
    },
    {
      "cut":true,
      "fov":30,
      "movingEnd":true,
      "movingStart":true,
      "pos":{
        "x":-852.7967635,
        "y":759.9310123,
        "z":268.9099825
      },
      "rot":{
        "z":-0.8522608567,
        "w":-0.5086189631,
        "x":-0.06267648446,
        "y":0.1050230491
      },
      "time":12,
      "trackPosition":true
    },
    {
      "fov":30,
      "movingEnd":true,
      "movingStart":true,
      "pos":{
        "x":-833.6849976,
        "y":744.2802124,
        "z":268.9707947
      },
      "rot":{
        "z":-0.008179068864,
        "w":-0.9850008545,
        "x":-0.1723495617,
        "y":0.001431124579
      },
      "time":12,
      "trackPosition":true
    },
    {
      "fov":30,
      "movingEnd":true,
      "movingStart":true,
      "pos":{
        "x":-849.4205933,
        "y":749.3549805,
        "z":268.4094543
      },
      "rot":{
        "z":-0.1595393833,
        "w":-0.9718710089,
        "x":-0.1709571586,
        "y":0.02806380621
      },
      "time":24,
      "trackPosition":true
    }
  ],
  "name":"camPath",
  "rotFixId":3,
  "version":"6"
}