{
  "looped":false,
  "manualFov":false,
  "markers":[
    {
      "fov":20,
      "movingEnd":true,
      "movingStart":true,
      "pos":{
        "x":-461.1445923,
        "y":-578.7524414,
        "z":407.8726196
      },
      "rot":{
        "z":0.7516302929,
        "w":0.6593612045,
        "x":-0.01132090147,
        "y":0.01290511548
      },
      "time":0,
      "trackPosition":true
    },
    {
      "fov":20,
      "movingEnd":true,
      "movingStart":true,
      "pos":{
        "x":-467.881134,
        "y":-578.8491821,
        "z":407.8726196
      },
      "rot":{
        "z":0.7516302929,
        "w":0.6593612045,
        "x":-0.01132090147,
        "y":0.01290511548
      },
      "time":3,
      "trackPosition":true
    }
  ],
  "name":"camPath",
  "rotFixId":1,
  "version":"6"
}