{
  "looped":false,
  "manualFov":false,
  "markers":[
    {
      "fov":20,
      "movingEnd":true,
      "movingStart":true,
      "pos":{
        "x":616.1966553,
        "y":389.2358704,
        "z":176.5280151
      },
      "rot":{
        "z":0.5874156977,
        "w":0.805795629,
        "x":0.06066602563,
        "y":-0.04422483132
      },
      "time":0,
      "trackPosition":true
    },
    {
      "fov":20,
      "movingEnd":true,
      "movingStart":true,
      "pos":{
        "x":620.5982666,
        "y":390.5411987,
        "z":176.5280151
      },
      "rot":{
        "z":0.5874156977,
        "w":0.805795629,
        "x":0.06066602563,
        "y":-0.04422483132
      },
      "time":3,
      "trackPosition":true
    }
  ],
  "name":"camPath",
  "rotFixId":1,
  "version":"6"
}