{
  "looped":false,
  "manualFov":true,
  "markers":[
    {
      "fov":40,
      "movingEnd":true,
      "movingStart":true,
      "pos":{
        "x":589.4452098,
        "y":385.8698588,
        "z":175.4744953
      },
      "rot":{
        "z":-0.6311561388,
        "w":-0.7722224636,
        "x":-0.05644512443,
        "y":0.04613396847
      },
      "time":0,
      "trackPosition":true
    },
    {
      "cut":true,
      "fov":40,
      "movingEnd":true,
      "movingStart":true,
      "pos":{
        "x":594.5946045,
        "y":387.2011414,
        "z":175.1344299
      },
      "rot":{
        "z":-0.6113663618,
        "w":-0.7908779905,
        "x":0.02156833971,
        "y":-0.01667280862
      },
      "time":12,
      "trackPosition":true
    },
    {
      "fov":34,
      "movingEnd":true,
      "movingStart":true,
      "pos":{
        "x":606.1426244,
        "y":387.0003854,
        "z":175.9738279
      },
      "rot":{
        "z":0.6479423116,
        "w":-0.7553172287,
        "x":-0.07462366423,
        "y":-0.06401526095
      },
      "time":12,
      "trackPosition":true
    },
    {
      "fov":34,
      "movingEnd":true,
      "movingStart":true,
      "pos":{
        "x":605.3082049,
        "y":394.4235688,
        "z":175.9738279
      },
      "rot":{
        "z":0.8067782868,
        "w":-0.5871708596,
        "x":-0.03876256422,
        "y":-0.05326012803
      },
      "time":24,
      "trackPosition":true
    }
  ],
  "name":"camPath",
  "rotFixId":1,
  "version":"6"
}