{
  "looped":false,
  "manualFov":true,
  "markers":[
    {
      "fov":30,
      "movingEnd":true,
      "movingStart":true,
      "pos":{
        "x":-431.6299529,
        "y":-570.1065218,
        "z":407.6553865
      },
      "rot":{
        "z":0.7630631199,
        "w":-0.6410709456,
        "x":-0.05289811763,
        "y":-0.06296433016
      },
      "time":0,
      "trackPosition":true
    },
    {
      "cut":true,
      "fov":30,
      "movingEnd":true,
      "movingStart":true,
      "pos":{
        "x":-437.7420032,
        "y":-576.8989128,
        "z":407.1316351
      },
      "rot":{
        "z":0.5486496831,
        "w":-0.8346754175,
        "x":-0.04007986727,
        "y":-0.02634533857
      },
      "time":12,
      "trackPosition":true
    },
    {
      "fov":35,
      "movingEnd":true,
      "movingStart":true,
      "pos":{
        "x":-456.0438377,
        "y":-572.3535948,
        "z":407.0393242
      },
      "rot":{
        "z":0.8397206398,
        "w":0.5404742058,
        "x":0.02841733694,
        "y":-0.04415127326
      },
      "time":12,
      "trackPosition":true
    },
    {
      "fov":35,
      "movingEnd":true,
      "movingStart":true,
      "pos":{
        "x":-446.724259,
        "y":-566.5501837,
        "z":406.4100633
      },
      "rot":{
        "z":0.9835154615,
        "w":0.1801890933,
        "x":0.002728423393,
        "y":-0.0148923919
      },
      "time":24,
      "trackPosition":true
    }
  ],
  "name":"camPath",
  "rotFixId":3,
  "version":"6"
}