{
  "looped":false,
  "manualFov":true,
  "markers":[
    {
      "fov":35,
      "movingEnd":true,
      "movingStart":true,
      "pos":{
        "x":-419.8504384,
        "y":-562.6017221,
        "z":406.838257
      },
      "rot":{
        "z":0.9889190711,
        "w":-0.1484487834,
        "x":-0.0002114855218,
        "y":-0.001408849982
      },
      "time":0,
      "trackPosition":true
    },
    {
      "cut":true,
      "fov":35,
      "movingEnd":true,
      "movingStart":true,
      "pos":{
        "x":-410.503217,
        "y":-564.1803892,
        "z":404.5420797
      },
      "rot":{
        "z":0.776331955,
        "w":0.6293256979,
        "x":0.02233393339,
        "y":-0.02755099025
      },
      "time":12,
      "trackPosition":true
    },
    {
      "fov":35,
      "movingEnd":true,
      "movingStart":true,
      "pos":{
        "x":-411.5492741,
        "y":-573.9360211,
        "z":406.5755379
      },
      "rot":{
        "z":-0.2559018912,
        "w":0.9662593885,
        "x":0.02829921901,
        "y":0.007494699404
      },
      "time":12,
      "trackPosition":true
    },
    {
      "fov":35,
      "movingEnd":true,
      "movingStart":true,
      "pos":{
        "x":-421.7609529,
        "y":-577.3413543,
        "z":407.0552983
      },
      "rot":{
        "z":-0.07313600134,
        "w":0.9970470443,
        "x":0.02335342166,
        "y":0.001713034392
      },
      "time":24,
      "trackPosition":true
    }
  ],
  "name":"camPath",
  "rotFixId":1,
  "version":"6"
}