{
  "looped":false,
  "manualFov":true,
  "markers":[
    {
      "fov":35,
      "movingEnd":true,
      "movingStart":true,
      "pos":{
        "x":643.0926926,
        "y":398.4722253,
        "z":173.0886138
      },
      "rot":{
        "z":-0.4574621362,
        "w":0.8867583424,
        "x":0.05887017462,
        "y":0.03037002817
      },
      "time":0,
      "trackPosition":true
    },
    {
      "cut":true,
      "fov":35,
      "movingEnd":true,
      "movingStart":true,
      "pos":{
        "x":633.4181566,
        "y":393.5159339,
        "z":172.783901
      },
      "rot":{
        "z":0.1362237603,
        "w":0.9894550311,
        "x":0.04875220785,
        "y":-0.00671198677
      },
      "time":12,
      "trackPosition":true
    },
    {
      "fov":35,
      "movingEnd":true,
      "movingStart":true,
      "pos":{
        "x":634.9949593,
        "y":408.2043145,
        "z":172.9948261
      },
      "rot":{
        "z":0.9583231284,
        "w":0.2766374845,
        "x":0.01978394936,
        "y":-0.06853523943
      },
      "time":12,
      "trackPosition":true
    },
    {
      "fov":35,
      "movingEnd":true,
      "movingStart":true,
      "pos":{
        "x":629.3508667,
        "y":404.6495579,
        "z":172.9948261
      },
      "rot":{
        "z":0.9583231284,
        "w":0.2766374845,
        "x":0.01978394936,
        "y":-0.06853523943
      },
      "time":24,
      "trackPosition":true
    }
  ],
  "name":"camPath",
  "rotFixId":3,
  "version":"6"
}