{
  "looped":false,
  "manualFov":false,
  "markers":[
    {
      "fov":20,
      "movingEnd":true,
      "movingStart":true,
      "pos":{
        "x":784.520874,
        "y":4.840892792,
        "z":149.5898438
      },
      "rot":{
        "z":-0.05674519459,
        "w":0.998202773,
        "x":0.01923567336,
        "y":0.001093497291
      },
      "time":0,
      "trackPosition":true
    },
    {
      "fov":20,
      "movingEnd":true,
      "movingStart":true,
      "pos":{
        "x":782.9324341,
        "y":10.88494873,
        "z":149.58992
      },
      "rot":{
        "z":-0.2060702295,
        "w":0.9784216409,
        "x":-0.01471554887,
        "y":-0.003099314656
      },
      "time":3,
      "trackPosition":true
    }
  ],
  "name":"camPath",
  "rotFixId":1,
  "version":"6"
}