{
  "looped":false,
  "manualFov":true,
  "markers":[
    {
      "fov":20,
      "movingEnd":true,
      "movingStart":true,
      "pos":{
        "x":786.8784996,
        "y":-34.57148473,
        "z":149.5898489
      },
      "rot":{
        "z":-0.05674519459,
        "w":0.998202773,
        "x":0.01923567336,
        "y":0.001093497291
      },
      "time":0,
      "trackPosition":true
    },
    {
      "fov":20,
      "movingEnd":true,
      "movingStart":true,
      "pos":{
        "x":790.8485954,
        "y":-40.62047332,
        "z":149.5899232
      },
      "rot":{
        "z":-0.2060702295,
        "w":0.9784216409,
        "x":-0.01471554887,
        "y":-0.003099314656
      },
      "time":3,
      "trackPosition":true
    }
  ],
  "name":"camPath",
  "rotFixId":1,
  "version":"6"
}