{
  "looped":false,
  "manualFov":true,
  "markers":[
    {
      "fov":30,
      "movingEnd":true,
      "movingStart":true,
      "pos":{
        "x":777.5502626,
        "y":-9.899168086,
        "z":148.8804911
      },
      "rot":{
        "z":0.7282263329,
        "w":0.6820426675,
        "x":0.04587763614,
        "y":-0.04898418284
      },
      "time":0,
      "trackPosition":true
    },
    {
      "cut":true,
      "fov":30,
      "movingEnd":true,
      "movingStart":true,
      "pos":{
        "x":784.6662108,
        "y":-26.91567321,
        "z":149.1209662
      },
      "rot":{
        "z":0.1955701313,
        "w":0.9789121247,
        "x":0.05787641148,
        "y":-0.01156273082
      },
      "time":12,
      "trackPosition":true
    },
    {
      "fov":30,
      "movingEnd":true,
      "movingStart":true,
      "pos":{
        "x":792.9513658,
        "y":-9.12476419,
        "z":148.4297474
      },
      "rot":{
        "z":-0.8093066723,
        "w":0.5873480269,
        "x":0.003940378627,
        "y":0.005429446543
      },
      "time":12,
      "trackPosition":true
    },
    {
      "fov":30,
      "movingEnd":true,
      "movingStart":true,
      "pos":{
        "x":795.8444517,
        "y":-17.99711782,
        "z":148.4297474
      },
      "rot":{
        "z":-0.8093066723,
        "w":0.5873480269,
        "x":0.003940378627,
        "y":0.005429446543
      },
      "time":24,
      "trackPosition":true
    }
  ],
  "name":"camPath",
  "rotFixId":3,
  "version":"6"
}