{
  "looped":false,
  "manualFov":false,
  "markers":[
    {
      "fov":30,
      "movingEnd":true,
      "movingStart":true,
      "pos":{
        "x":786.4056396,
        "y":-6.61597681,
        "z":148.8804932
      },
      "rot":{
        "z":0.7282263329,
        "w":0.6820426675,
        "x":0.04587763614,
        "y":-0.04898418284
      },
      "time":0,
      "trackPosition":true
    },
    {
      "cut":true,
      "fov":30,
      "movingEnd":true,
      "movingStart":true,
      "pos":{
        "x":794.5293579,
        "y":-21.66822243,
        "z":149.1209717
      },
      "rot":{
        "z":0.1955701313,
        "w":0.9789121247,
        "x":0.05787641148,
        "y":-0.01156273082
      },
      "time":12,
      "trackPosition":true
    },
    {
      "fov":30,
      "movingEnd":true,
      "movingStart":true,
      "pos":{
        "x":798.8172607,
        "y":1.226598024,
        "z":148.4297485
      },
      "rot":{
        "z":-0.8093066723,
        "w":0.5873480269,
        "x":0.003940378627,
        "y":0.005429446543
      },
      "time":12,
      "trackPosition":true
    },
    {
      "fov":30,
      "movingEnd":true,
      "movingStart":true,
      "pos":{
        "x":806.2985229,
        "y":-14.92447186,
        "z":148.4297485
      },
      "rot":{
        "z":-0.8093066723,
        "w":0.5873480269,
        "x":0.003940378627,
        "y":0.005429446543
      },
      "time":24,
      "trackPosition":true
    }
  ],
  "name":"camPath",
  "rotFixId":3,
  "version":"6"
}