{
  "looped":false,
  "manualFov":false,
  "markers":[
    {
      "fov":20,
      "movingEnd":true,
      "movingStart":true,
      "pos":{
        "x":-465.1987733,
        "y":-761.333277,
        "z":488.7452024
      },
      "rot":{
        "z":-0.6713448044,
        "w":-0.7395747077,
        "x":-0.03570564854,
        "y":0.03241160275
      },
      "time":0,
      "trackPosition":true
    },
    {
      "fov":20,
      "movingEnd":true,
      "movingStart":true,
      "pos":{
        "x":-464.9829709,
        "y":-763.5593372,
        "z":488.7452024
      },
      "rot":{
        "z":-0.6713448044,
        "w":-0.7395747077,
        "x":-0.03570564854,
        "y":0.03241160275
      },
      "time":3,
      "trackPosition":true
    }
  ],
  "name":"camPath",
  "rotFixId":1,
  "version":"6"
}