{
  "looped":false,
  "manualFov":false,
  "markers":[
    {
      "fov":20,
      "movingEnd":true,
      "movingStart":true,
      "pos":{
        "x":-365.2548218,
        "y":-1708.85022,
        "z":158.5776367
      },
      "rot":{
        "z":-0.9964989682,
        "w":-0.07614082265,
        "x":0.002630778414,
        "y":-0.03443051814
      },
      "time":0,
      "trackPosition":true
    },
    {
      "fov":20,
      "movingEnd":true,
      "movingStart":true,
      "pos":{
        "x":-367.9474487,
        "y":-1704.419678,
        "z":158.5776367
      },
      "rot":{
        "z":-0.9964989682,
        "w":-0.07614082265,
        "x":0.002630778414,
        "y":-0.03443051814
      },
      "time":3,
      "trackPosition":true
    }
  ],
  "name":"camPath",
  "rotFixId":1,
  "version":"6"
}