{
  "looped":false,
  "manualFov":true,
  "markers":[
    {
      "fov":35,
      "movingEnd":true,
      "movingStart":true,
      "pos":{
        "x":-441.575653,
        "y":-758.5144973,
        "z":487.8138019
      },
      "rot":{
        "z":-0.7085576298,
        "w":0.7054420065,
        "x":0.0121726935,
        "y":0.01222645487
      },
      "time":0,
      "trackPosition":true
    },
    {
      "cut":true,
      "fov":35,
      "movingEnd":true,
      "movingStart":true,
      "pos":{
        "x":-448.312291,
        "y":-765.4845212,
        "z":488.4919866
      },
      "rot":{
        "z":-0.7109077151,
        "w":0.6908641316,
        "x":0.09171109938,
        "y":0.09437185277
      },
      "time":12,
      "trackPosition":true
    },
    {
      "fov":35,
      "movingEnd":true,
      "movingStart":true,
      "pos":{
        "x":-458.5735828,
        "y":-758.7751053,
        "z":487.3868677
      },
      "rot":{
        "z":-0.774170559,
        "w":-0.6325877826,
        "x":-0.01404409958,
        "y":0.01718738287
      },
      "time":12,
      "trackPosition":true
    },
    {
      "fov":35,
      "movingEnd":true,
      "movingStart":true,
      "pos":{
        "x":-458.3695198,
        "y":-765.8997627,
        "z":487.3868677
      },
      "rot":{
        "z":-0.5269750961,
        "w":-0.8494795106,
        "x":-0.02218872698,
        "y":0.01376478937
      },
      "time":24,
      "trackPosition":true
    }
  ],
  "name":"camPath",
  "rotFixId":1,
  "version":"6"
}