{
  "looped":false,
  "manualFov":true,
  "markers":[
    {
      "fov":35,
      "movingEnd":true,
      "movingStart":true,
      "pos":{
        "x":-360.1004333,
        "y":-1710.360718,
        "z":155.5474091
      },
      "rot":{
        "z":0.8034878984,
        "w":0.581704026,
        "x":0.07424123349,
        "y":-0.1025468795
      },
      "time":0,
      "trackPosition":true
    },
    {
      "cut":true,
      "fov":35,
      "movingEnd":true,
      "movingStart":true,
      "pos":{
        "x":-350.366394,
        "y":-1722.644165,
        "z":155.6443329
      },
      "rot":{
        "z":0.03935035178,
        "w":0.9986048735,
        "x":0.03518428796,
        "y":-0.001386448379
      },
      "time":12,
      "trackPosition":true
    },
    {
      "fov":35,
      "movingEnd":true,
      "movingStart":true,
      "pos":{
        "x":-345.583592,
        "y":-1710.158511,
        "z":156.5963185
      },
      "rot":{
        "z":-0.9703869103,
        "w":0.2292899995,
        "x":0.0174755819,
        "y":0.07395907353
      },
      "time":12,
      "trackPosition":true
    },
    {
      "fov":35,
      "movingEnd":true,
      "movingStart":true,
      "pos":{
        "x":-352.0593215,
        "y":-1701.593055,
        "z":157.5126667
      },
      "rot":{
        "z":-0.9843374915,
        "w":0.1152119888,
        "x":0.01551247101,
        "y":0.1325340094
      },
      "time":24,
      "trackPosition":true
    }
  ],
  "name":"camPath",
  "rotFixId":3,
  "version":"6"
}