{
  "looped":false,
  "manualFov":true,
  "markers":[
    {
      "fov":35,
      "movingEnd":true,
      "movingStart":true,
      "pos":{
        "x":-343.1925711,
        "y":-1742.373722,
        "z":158.3860682
      },
      "rot":{
        "z":-0.6244348704,
        "w":-0.7800580656,
        "x":-0.03113438965,
        "y":0.02492301461
      },
      "time":0,
      "trackPosition":true
    },
    {
      "cut":true,
      "fov":35,
      "movingEnd":true,
      "movingStart":true,
      "pos":{
        "x":-330.968397,
        "y":-1755.127933,
        "z":158.795674
      },
      "rot":{
        "z":0.02088221498,
        "w":-0.9983974643,
        "x":-0.05258542273,
        "y":-0.001099862672
      },
      "time":12,
      "trackPosition":true
    },
    {
      "fov":35,
      "movingEnd":true,
      "movingStart":true,
      "pos":{
        "x":-329.7215901,
        "y":-1730.749057,
        "z":159.3025023
      },
      "rot":{
        "z":0.9407474376,
        "w":-0.3293122851,
        "x":-0.0267348691,
        "y":-0.07637358441
      },
      "time":12,
      "trackPosition":true
    },
    {
      "fov":35,
      "movingEnd":true,
      "movingStart":true,
      "pos":{
        "x":-322.4784349,
        "y":-1743.988854,
        "z":159.2124099
      },
      "rot":{
        "z":0.8239092756,
        "w":-0.5662473303,
        "x":-0.01313102547,
        "y":-0.01910609217
      },
      "time":24,
      "trackPosition":true
    }
  ],
  "name":"camPath",
  "rotFixId":3,
  "version":"6"
}