{
  "looped":false,
  "manualFov":true,
  "markers":[
    {
      "fov":35,
      "movingEnd":true,
      "movingStart":true,
      "pos":{
        "x":-480.6343974,
        "y":-768.7112067,
        "z":489.4086782
      },
      "rot":{
        "z":-0.7189299364,
        "w":0.6937660354,
        "x":0.02969273119,
        "y":0.03076972965
      },
      "time":0,
      "trackPosition":true
    },
    {
      "cut":true,
      "fov":35,
      "movingEnd":true,
      "movingStart":true,
      "pos":{
        "x":-486.1051025,
        "y":-759.9238281,
        "z":490.1946716
      },
      "rot":{
        "z":-0.9712409093,
        "w":0.2188887652,
        "x":0.02059946178,
        "y":0.09140277242
      },
      "time":12,
      "trackPosition":true
    },
    {
      "fov":35,
      "movingEnd":true,
      "movingStart":true,
      "pos":{
        "x":-493.7654205,
        "y":-775.5766855,
        "z":489.96032
      },
      "rot":{
        "z":-0.2911144147,
        "w":-0.9553754903,
        "x":-0.04792507093,
        "y":0.01460334613
      },
      "time":12,
      "trackPosition":true
    },
    {
      "fov":35,
      "movingEnd":true,
      "movingStart":true,
      "pos":{
        "x":-494.9509478,
        "y":-765.0617058,
        "z":492.3892122
      },
      "rot":{
        "z":-0.09675197204,
        "w":-0.9931233517,
        "x":0.06560650048,
        "y":-0.006391510469
      },
      "time":24,
      "trackPosition":true
    }
  ],
  "name":"camPath",
  "rotFixId":3,
  "version":"6"
}