{
  "looped":false,
  "manualFov":true,
  "markers":[
    {
      "fov":65,
      "movingEnd":true,
      "movingStart":true,
      "pos":{
        "x":1176.022217,
        "y":-1044.325317,
        "z":277.4732971
      },
      "rot":{
        "z":-0.5655024052,
        "w":0.8242555857,
        "x":0.023463808,
        "y":0.01609796658
      },
      "time":0,
      "trackPosition":false
    },
    {
      "fov":65,
      "movingEnd":true,
      "movingStart":true,
      "pos":{
        "x":597.3035278,
        "y":-878.2011719,
        "z":280.2649231
      },
      "rot":{
        "z":-0.613157928,
        "w":0.7877022624,
        "x":0.04709814116,
        "y":0.0366618149
      },
      "time":5,
      "trackPosition":false
    },
    {
      "fov":65,
      "movingEnd":true,
      "movingStart":true,
      "pos":{
        "x":533.890625,
        "y":-862.5023804,
        "z":272.5155334
      },
      "rot":{
        "z":-0.6488774419,
        "w":0.7593212128,
        "x":0.03715992346,
        "y":0.03175498918
      },
      "time":7,
      "trackPosition":false
    },
    {
      "fov":65,
      "movingEnd":true,
      "movingStart":true,
      "pos":{
        "x":525.8062744,
        "y":-861.2264404,
        "z":271.7125854
      },
      "rot":{
        "z":-0.6488774419,
        "w":0.7593212128,
        "x":0.03715992346,
        "y":0.03175498918
      },
      "time":9,
      "trackPosition":false
    }
  ],
  "name":"camPath",
  "rotFixId":2,
  "version":"6"
}