{
  "looped":false,
  "manualFov":true,
  "markers":[
    {
      "fov":20,
      "movingEnd":true,
      "movingStart":true,
      "pos":{
        "x":-754.7622681,
        "y":-78.8068924,
        "z":299.1506958
      },
      "rot":{
        "z":-0.9673053763,
        "w":0.2515964532,
        "x":0.008037607882,
        "y":0.0309019512
      },
      "time":0,
      "trackPosition":true
    },
    {
      "fov":20,
      "movingEnd":true,
      "movingStart":true,
      "pos":{
        "x":-754.1715088,
        "y":-75.65648651,
        "z":299.0999146
      },
      "rot":{
        "z":-0.9899545989,
        "w":0.1411718968,
        "x":-0.001097073309,
        "y":-0.00769312301
      },
      "time":3,
      "trackPosition":true
    }
  ],
  "name":"camPath",
  "rotFixId":1,
  "version":"6"
}