{
  "looped":false,
  "manualFov":true,
  "markers":[
    {
      "fov":20,
      "movingEnd":true,
      "movingStart":true,
      "pos":{
        "x":-336.8587341,
        "y":-897.9251709,
        "z":134.7602539
      },
      "rot":{
        "z":0.17990458,
        "w":0.9772424459,
        "x":0.1105327356,
        "y":-0.02034842578
      },
      "time":0,
      "trackPosition":true
    },
    {
      "fov":20,
      "movingEnd":true,
      "movingStart":true,
      "pos":{
        "x":-336.710907,
        "y":-902.6165161,
        "z":134.5743866
      },
      "rot":{
        "z":0.04321601805,
        "w":0.9962966193,
        "x":0.07426335207,
        "y":-0.00322129605
      },
      "time":3,
      "trackPosition":true
    }
  ],
  "name":"camPath",
  "rotFixId":1,
  "version":"6"
}