{
  "looped":false,
  "manualFov":true,
  "markers":[
    {
      "fov":35,
      "movingEnd":true,
      "movingStart":true,
      "pos":{
        "x":-327.6800762,
        "y":-883.7625937,
        "z":133.9849064
      },
      "rot":{
        "z":0.983608543,
        "w":-0.1681435647,
        "x":-0.01097456795,
        "y":-0.06419917889
      },
      "time":0,
      "trackPosition":true
    },
    {
      "cut":true,
      "fov":35,
      "movingEnd":true,
      "movingStart":true,
      "pos":{
        "x":-336.8889853,
        "y":-885.746063,
        "z":133.9849065
      },
      "rot":{
        "z":0.9663566931,
        "w":0.2483477308,
        "x":0.01665650727,
        "y":-0.06481286233
      },
      "time":12,
      "trackPosition":true
    },
    {
      "fov":35,
      "movingEnd":true,
      "movingStart":true,
      "pos":{
        "x":-336.5300756,
        "y":-899.9975517,
        "z":133.6963517
      },
      "rot":{
        "z":0.1218756626,
        "w":0.992455671,
        "x":-0.01324456785,
        "y":0.00162646104
      },
      "time":12,
      "trackPosition":true
    },
    {
      "fov":35,
      "movingEnd":true,
      "movingStart":true,
      "pos":{
        "x":-324.6510303,
        "y":-898.8690226,
        "z":133.3491119
      },
      "rot":{
        "z":-0.2953419512,
        "w":0.9551048489,
        "x":-0.02236168985,
        "y":-0.006914785449
      },
      "time":24,
      "trackPosition":true
    }
  ],
  "name":"camPath",
  "rotFixId":3,
  "version":"6"
}