{
  "looped":false,
  "manualFov":true,
  "markers":[
    {
      "fov":35,
      "movingEnd":true,
      "movingStart":true,
      "pos":{
        "x":-770.0840889,
        "y":-86.55382712,
        "z":298.9492443
      },
      "rot":{
        "z":0.4493817924,
        "w":0.8911502236,
        "x":0.05581340301,
        "y":-0.02814511675
      },
      "time":0,
      "trackPosition":true
    },
    {
      "cut":true,
      "fov":35,
      "movingEnd":true,
      "movingStart":true,
      "pos":{
        "x":-762.9192584,
        "y":-94.37719978,
        "z":298.9880412
      },
      "rot":{
        "z":0.2656830553,
        "w":0.9628614183,
        "x":0.04633508356,
        "y":-0.01278527349
      },
      "time":12,
      "trackPosition":true
    },
    {
      "fov":35,
      "movingEnd":true,
      "movingStart":true,
      "pos":{
        "x":-759.0400742,
        "y":-75.17828448,
        "z":299.4007183
      },
      "rot":{
        "z":-0.8411111953,
        "w":0.5311364733,
        "x":0.05451812723,
        "y":0.08633526309
      },
      "time":12,
      "trackPosition":true
    },
    {
      "fov":35,
      "movingEnd":true,
      "movingStart":true,
      "pos":{
        "x":-753.0487048,
        "y":-87.76338963,
        "z":299.4007183
      },
      "rot":{
        "z":-0.8411111953,
        "w":0.5311364733,
        "x":0.05451812723,
        "y":0.08633526309
      },
      "time":24,
      "trackPosition":true
    }
  ],
  "name":"camPath",
  "rotFixId":3,
  "version":"6"
}