{
  "looped":false,
  "manualFov":true,
  "markers":[
    {
      "fov":30,
      "movingEnd":true,
      "movingStart":true,
      "pos":{
        "x":-347.5477534,
        "y":-908.2854364,
        "z":135.2244155
      },
      "rot":{
        "z":0.3529831273,
        "w":0.9326603761,
        "x":0.06965968861,
        "y":-0.02636403922
      },
      "time":0,
      "trackPosition":true
    },
    {
      "cut":true,
      "fov":30,
      "movingEnd":true,
      "movingStart":true,
      "pos":{
        "x":-328.5332465,
        "y":-909.7379418,
        "z":134.5417009
      },
      "rot":{
        "z":0.02410770939,
        "w":0.9968637251,
        "x":0.07535390552,
        "y":-0.001822325369
      },
      "time":12,
      "trackPosition":true
    },
    {
      "fov":30,
      "movingEnd":true,
      "movingStart":true,
      "pos":{
        "x":-332.1975854,
        "y":-891.4292352,
        "z":133.7523039
      },
      "rot":{
        "z":-0.9885810046,
        "w":0.1499546891,
        "x":0.002230434605,
        "y":0.01470421029
      },
      "time":12,
      "trackPosition":true
    },
    {
      "fov":30,
      "movingEnd":true,
      "movingStart":true,
      "pos":{
        "x":-322.9159989,
        "y":-895.3642857,
        "z":133.7174438
      },
      "rot":{
        "z":-0.9742339117,
        "w":0.2244544974,
        "x":0.004961929539,
        "y":0.02153701566
      },
      "time":24,
      "trackPosition":true
    }
  ],
  "name":"camPath",
  "rotFixId":1,
  "version":"6"
}