{
  "looped":false,
  "manualFov":true,
  "markers":[
    {
      "fov":35,
      "movingEnd":true,
      "movingStart":true,
      "pos":{
        "x":-747.8763214,
        "y":-65.91559328,
        "z":300.2801404
      },
      "rot":{
        "z":0.08036002228,
        "w":0.9847406756,
        "x":0.1538519979,
        "y":-0.01255513282
      },
      "time":0,
      "trackPosition":true
    },
    {
      "cut":true,
      "fov":35,
      "movingEnd":true,
      "movingStart":true,
      "pos":{
        "x":-737.6421852,
        "y":-59.46615796,
        "z":299.0898774
      },
      "rot":{
        "z":-0.4166636904,
        "w":0.9007049822,
        "x":0.1116078048,
        "y":0.05162946887
      },
      "time":12,
      "trackPosition":true
    },
    {
      "fov":35,
      "movingEnd":true,
      "movingStart":true,
      "pos":{
        "x":-754.5444818,
        "y":-56.2973564,
        "z":299.1654224
      },
      "rot":{
        "z":0.7546014404,
        "w":0.6471377165,
        "x":0.0706835892,
        "y":-0.0824213098
      },
      "time":12,
      "trackPosition":true
    },
    {
      "fov":35,
      "movingEnd":true,
      "movingStart":true,
      "pos":{
        "x":-753.1807534,
        "y":-47.45550652,
        "z":299.1654224
      },
      "rot":{
        "z":0.7546014404,
        "w":0.6471377165,
        "x":0.0706835892,
        "y":-0.0824213098
      },
      "time":24,
      "trackPosition":true
    }
  ],
  "name":"camPath",
  "rotFixId":3,
  "version":"6"
}