{
  "looped":false,
  "manualFov":true,
  "markers":[
    {
      "fov":20,
      "movingEnd":true,
      "movingStart":true,
      "pos":{
        "x":-163.8260209,
        "y":-292.8424041,
        "z":139.5260046
      },
      "rot":{
        "z":0.8302442553,
        "w":-0.5479711754,
        "x":-0.05623538265,
        "y":-0.08520357546
      },
      "time":0,
      "trackPosition":true
    },
    {
      "fov":20,
      "movingEnd":true,
      "movingStart":true,
      "pos":{
        "x":-159.9579586,
        "y":-289.4091236,
        "z":139.735251
      },
      "rot":{
        "z":0.9066285197,
        "w":-0.4217317448,
        "x":-0.0054514541,
        "y":-0.01171940178
      },
      "time":3,
      "trackPosition":true
    }
  ],
  "name":"camPath",
  "rotFixId":1,
  "version":"6"
}