{
  "looped":false,
  "manualFov":false,
  "markers":[
    {
      "fov":20,
      "movingEnd":true,
      "movingStart":true,
      "pos":{
        "x":-198.7762451,
        "y":-304.0285645,
        "z":139.526001
      },
      "rot":{
        "z":0.8302442553,
        "w":-0.5479711754,
        "x":-0.05623538265,
        "y":-0.08520357546
      },
      "time":0,
      "trackPosition":true
    },
    {
      "fov":20,
      "movingEnd":true,
      "movingStart":true,
      "pos":{
        "x":-203.6054993,
        "y":-307.8453979,
        "z":139.7352448
      },
      "rot":{
        "z":0.9066285197,
        "w":-0.4217317448,
        "x":-0.0054514541,
        "y":-0.01171940178
      },
      "time":3,
      "trackPosition":true
    }
  ],
  "name":"camPath",
  "rotFixId":1,
  "version":"6"
}