{
  "looped":false,
  "manualFov":true,
  "markers":[
    {
      "fov":30,
      "movingEnd":true,
      "movingStart":true,
      "pos":{
        "x":-185.0804031,
        "y":-311.8461047,
        "z":139.4018865
      },
      "rot":{
        "z":0.06402554112,
        "w":0.9926865381,
        "x":0.1021311717,
        "y":-0.006587178613
      },
      "time":0,
      "trackPosition":true
    },
    {
      "cut":true,
      "fov":30,
      "movingEnd":true,
      "movingStart":true,
      "pos":{
        "x":-166.0287047,
        "y":-293.9024118,
        "z":139.5766269
      },
      "rot":{
        "z":-0.7194604659,
        "w":0.6916125604,
        "x":0.04409626982,
        "y":0.04587181414
      },
      "time":12,
      "trackPosition":true
    },
    {
      "fov":30,
      "movingEnd":true,
      "movingStart":true,
      "pos":{
        "x":-189.4480862,
        "y":-295.5549068,
        "z":138.9027028
      },
      "rot":{
        "z":-0.8941305668,
        "w":-0.4373973626,
        "x":-0.04218054219,
        "y":0.08622574191
      },
      "time":12,
      "trackPosition":true
    },
    {
      "fov":30,
      "movingEnd":true,
      "movingStart":true,
      "pos":{
        "x":-177.3340782,
        "y":-286.0192201,
        "z":138.8931114
      },
      "rot":{
        "z":-0.976739366,
        "w":-0.1955851555,
        "x":-0.01725901741,
        "y":0.08619039458
      },
      "time":24,
      "trackPosition":true
    }
  ],
  "name":"camPath",
  "rotFixId":1,
  "version":"6"
}