{
  "looped":false,
  "manualFov":false,
  "markers":[
    {
      "fov":20,
      "movingEnd":true,
      "movingStart":true,
      "pos":{
        "x":525.0698242,
        "y":1793.102173,
        "z":141.5607605
      },
      "rot":{
        "z":0.999644118,
        "w":0.0003281601165,
        "x":8.756626893e-06,
        "y":-0.02667451079
      },
      "time":0,
      "trackPosition":true
    },
    {
      "fov":20,
      "movingEnd":true,
      "movingStart":true,
      "pos":{
        "x":529.0588989,
        "y":1793.610596,
        "z":141.819931
      },
      "rot":{
        "z":0.999644118,
        "w":0.0003281601165,
        "x":8.756626893e-06,
        "y":-0.02667451079
      },
      "time":3,
      "trackPosition":true
    }
  ],
  "name":"camPath",
  "rotFixId":1,
  "version":"6"
}