{
  "looped":false,
  "manualFov":false,
  "markers":[
    {
      "fov":20,
      "movingEnd":true,
      "movingStart":true,
      "pos":{
        "x":499.4382324,
        "y":1780.744019,
        "z":142.6210175
      },
      "rot":{
        "z":0.999644118,
        "w":0.0003281601165,
        "x":8.756626893e-06,
        "y":-0.02667451079
      },
      "time":0,
      "trackPosition":true
    },
    {
      "fov":20,
      "movingEnd":true,
      "movingStart":true,
      "pos":{
        "x":496.2031555,
        "y":1781.384766,
        "z":142.7294922
      },
      "rot":{
        "z":0.999644118,
        "w":0.0003281601165,
        "x":8.756626893e-06,
        "y":-0.02667451079
      },
      "time":3,
      "trackPosition":true
    }
  ],
  "name":"camPath",
  "rotFixId":1,
  "version":"6"
}