{
  "looped":false,
  "manualFov":true,
  "markers":[
    {
      "fov":30,
      "movingEnd":true,
      "movingStart":true,
      "pos":{
        "x":502.4574743,
        "y":1796.733008,
        "z":141.5301263
      },
      "rot":{
        "z":0.9528218675,
        "w":0.2914927252,
        "x":0.02475827272,
        "y":-0.08092903051
      },
      "time":0,
      "trackPosition":true
    },
    {
      "cut":true,
      "fov":30,
      "movingEnd":true,
      "movingStart":true,
      "pos":{
        "x":522.0805054,
        "y":1796.05188,
        "z":140.9179688
      },
      "rot":{
        "z":0.9788904562,
        "w":-0.2014844086,
        "x":-0.006917978208,
        "y":-0.03361025745
      },
      "time":15,
      "trackPosition":true
    },
    {
      "fov":40,
      "movingEnd":true,
      "movingStart":true,
      "pos":{
        "x":519.2368134,
        "y":1779.780028,
        "z":142.8585979
      },
      "rot":{
        "z":0.4338408919,
        "w":-0.8854449015,
        "x":-0.1496443084,
        "y":-0.07332112941
      },
      "time":15,
      "trackPosition":true
    },
    {
      "fov":40,
      "movingEnd":true,
      "movingStart":true,
      "pos":{
        "x":508.3340525,
        "y":1782.18286,
        "z":142.7930843
      },
      "rot":{
        "z":0.6081524685,
        "w":-0.7937762369,
        "x":0.006634835261,
        "y":0.00508328576
      },
      "time":27,
      "trackPosition":true
    }
  ],
  "name":"camPath",
  "rotFixId":1,
  "version":"6"
}