{
  "looped":false,
  "manualFov":true,
  "markers":[
    {
      "fov":30,
      "movingEnd":true,
      "movingStart":true,
      "pos":{
        "x":532.8526611,
        "y":1795.714111,
        "z":141.4076385
      },
      "rot":{
        "z":0.971607887,
        "w":-0.2119572707,
        "x":-0.02240714817,
        "y":-0.1027139188
      },
      "time":0,
      "trackPosition":true
    },
    {
      "cut":true,
      "fov":30,
      "movingEnd":true,
      "movingStart":true,
      "pos":{
        "x":517.8378296,
        "y":1793.695557,
        "z":142.5671539
      },
      "rot":{
        "z":0.8477429369,
        "w":0.5089866047,
        "x":0.07680732236,
        "y":-0.1279264806
      },
      "time":12,
      "trackPosition":true
    },
    {
      "fov":30,
      "movingEnd":true,
      "movingStart":true,
      "pos":{
        "x":525.0558507,
        "y":1781.637696,
        "z":144.6806673
      },
      "rot":{
        "z":0.06616691219,
        "w":0.959983678,
        "x":0.2714832205,
        "y":-0.01871199149
      },
      "time":12,
      "trackPosition":true
    },
    {
      "fov":30,
      "movingEnd":true,
      "movingStart":true,
      "pos":{
        "x":530.136326,
        "y":1781.75971,
        "z":144.3793583
      },
      "rot":{
        "z":-0.07277751156,
        "w":0.9620035468,
        "x":0.2624090639,
        "y":0.01985177575
      },
      "time":24,
      "trackPosition":true
    }
  ],
  "name":"camPath",
  "rotFixId":1,
  "version":"6"
}