{
  "looped":false,
  "manualFov":true,
  "markers":[
    {
      "fov":20,
      "movingEnd":true,
      "movingStart":true,
      "pos":{
        "x":-370.081346,
        "y":-715.1864469,
        "z":109.710504
      },
      "rot":{
        "z":-0.5719950852,
        "w":0.8201869105,
        "x":0.00879810526,
        "y":0.006135763572
      },
      "time":0,
      "trackPosition":true
    },
    {
      "fov":20,
      "movingEnd":true,
      "movingStart":true,
      "pos":{
        "x":-362.4111217,
        "y":-715.887178,
        "z":109.8610535
      },
      "rot":{
        "z":-0.6345914847,
        "w":0.7727853131,
        "x":0.007592068393,
        "y":0.006234411902
      },
      "time":3,
      "trackPosition":true
    }
  ],
  "name":"camPath",
  "version":"6"
}