{
  "looped":false,
  "manualFov":true,
  "markers":[
    {
      "fov":30,
      "movingEnd":true,
      "movingStart":true,
      "pos":{
        "x":-382.1308365,
        "y":-711.1239131,
        "z":110.2049525
      },
      "rot":{
        "z":-0.4921482407,
        "w":0.8658723813,
        "x":0.0780272596,
        "y":0.04434946693
      },
      "time":0,
      "trackPosition":true
    },
    {
      "cut":true,
      "fov":30,
      "movingEnd":true,
      "movingStart":true,
      "pos":{
        "x":-389.3565063,
        "y":-696.1149902,
        "z":108.9159622
      },
      "rot":{
        "z":-0.9938947436,
        "w":0.09822971336,
        "x":0.004941403288,
        "y":0.04999744564
      },
      "time":12,
      "trackPosition":true
    },
    {
      "fov":30,
      "movingEnd":true,
      "movingStart":true,
      "pos":{
        "x":-394.3297356,
        "y":-712.7521308,
        "z":108.7423247
      },
      "rot":{
        "z":-0.2151152351,
        "w":-0.9712916465,
        "x":-0.09917426875,
        "y":0.02196445961
      },
      "time":12,
      "trackPosition":true
    },
    {
      "fov":30,
      "movingEnd":true,
      "movingStart":true,
      "pos":{
        "x":-401.3988314,
        "y":-707.8058435,
        "z":108.5504692
      },
      "rot":{
        "z":-0.5402617378,
        "w":-0.8395293065,
        "x":-0.04836429151,
        "y":0.03112384043
      },
      "time":24,
      "trackPosition":true
    }
  ],
  "name":"camPath",
  "rotFixId":3,
  "version":"6"
}