{
  "looped":false,
  "manualFov":false,
  "markers":[
    {
      "fov":25,
      "movingEnd":true,
      "movingStart":true,
      "pos":{
        "x":-335.1121521,
        "y":-718.491272,
        "z":110.2049561
      },
      "rot":{
        "z":-0.4921482407,
        "w":0.8658723813,
        "x":0.0780272596,
        "y":0.04434946693
      },
      "time":0,
      "trackPosition":true
    },
    {
      "cut":true,
      "fov":25,
      "movingEnd":true,
      "movingStart":true,
      "pos":{
        "x":-339.5888062,
        "y":-704.1098633,
        "z":108.9159622
      },
      "rot":{
        "z":-0.9938947436,
        "w":0.09822971336,
        "x":0.004941403288,
        "y":0.04999744564
      },
      "time":12,
      "trackPosition":true
    },
    {
      "fov":25,
      "movingEnd":true,
      "movingStart":true,
      "pos":{
        "x":-349.7409363,
        "y":-723.3006592,
        "z":108.7423248
      },
      "rot":{
        "z":-0.2151152351,
        "w":-0.9712916465,
        "x":-0.09917426875,
        "y":0.02196445961
      },
      "time":12,
      "trackPosition":true
    },
    {
      "fov":25,
      "movingEnd":true,
      "movingStart":true,
      "pos":{
        "x":-356.0840759,
        "y":-707.9755249,
        "z":108.5504684
      },
      "rot":{
        "z":-0.5402617378,
        "w":-0.8395293065,
        "x":-0.04836429151,
        "y":0.03112384043
      },
      "time":24,
      "trackPosition":true
    }
  ],
  "name":"camPath",
  "rotFixId":1,
  "version":"6"
}