{
  "looped":false,
  "manualFov":false,
  "markers":[
    {
      "fov":20,
      "movingEnd":true,
      "movingStart":true,
      "pos":{
        "x":284.8435059,
        "y":-883.5962524,
        "z":252.6524811
      },
      "rot":{
        "z":0.4565001238,
        "w":0.882323056,
        "x":0.1017082189,
        "y":-0.05262223876
      },
      "time":0,
      "trackPosition":true
    },
    {
      "fov":20,
      "movingEnd":true,
      "movingStart":true,
      "pos":{
        "x":288.0065918,
        "y":-881.2104492,
        "z":252.6524811
      },
      "rot":{
        "z":0.4565001238,
        "w":0.882323056,
        "x":0.1017082189,
        "y":-0.05262223876
      },
      "time":3,
      "trackPosition":true
    }
  ],
  "name":"camPath",
  "rotFixId":1,
  "version":"6"
}