{
  "looped":false,
  "manualFov":true,
  "markers":[
    {
      "fov":40,
      "movingEnd":true,
      "movingStart":true,
      "pos":{
        "x":268.5222333,
        "y":-897.0937082,
        "z":250.1221777
      },
      "rot":{
        "z":0.3158477447,
        "w":0.9459520153,
        "x":0.06979862303,
        "y":-0.02330534457
      },
      "time":0,
      "trackPosition":true
    },
    {
      "cut":true,
      "fov":40,
      "movingEnd":true,
      "movingStart":true,
      "pos":{
        "x":282.9747632,
        "y":-883.3241636,
        "z":249.436438
      },
      "rot":{
        "z":-0.721070677,
        "w":0.6876732379,
        "x":0.05840880299,
        "y":0.06124547647
      },
      "time":16,
      "trackPosition":true
    },
    {
      "fov":45,
      "movingEnd":true,
      "movingStart":true,
      "pos":{
        "x":272.7921753,
        "y":-882.567627,
        "z":254.9073486
      },
      "rot":{
        "z":-0.9007285547,
        "w":-0.3511095879,
        "x":-0.09288693942,
        "y":0.2382900427
      },
      "time":16,
      "trackPosition":true
    },
    {
      "fov":45,
      "movingEnd":true,
      "movingStart":true,
      "pos":{
        "x":265.9692078,
        "y":-887.7540283,
        "z":254.1818542
      },
      "rot":{
        "z":-0.9007285547,
        "w":-0.3511095879,
        "x":-0.09288693942,
        "y":0.2382900427
      },
      "time":28,
      "trackPosition":true
    }
  ],
  "name":"camPath",
  "rotFixId":3,
  "version":"6"
}