{
  "looped":false,
  "manualFov":true,
  "markers":[
    {
      "fov":35,
      "movingEnd":true,
      "movingStart":true,
      "pos":{
        "x":243.2772486,
        "y":-887.2431083,
        "z":248.8125915
      },
      "rot":{
        "z":-0.9838352607,
        "w":-0.1031956281,
        "x":-0.01526725184,
        "y":0.1455532659
      },
      "time":0,
      "trackPosition":true
    },
    {
      "cut":true,
      "fov":35,
      "movingEnd":true,
      "movingStart":true,
      "pos":{
        "x":254.6018095,
        "y":-888.5793427,
        "z":248.4050064
      },
      "rot":{
        "z":-0.9789207249,
        "w":0.185585833,
        "x":0.01588400504,
        "y":0.08378431414
      },
      "time":12,
      "trackPosition":true
    },
    {
      "fov":35,
      "movingEnd":true,
      "movingStart":true,
      "pos":{
        "x":248.8754095,
        "y":-901.7942432,
        "z":247.17082
      },
      "rot":{
        "z":0.1050420178,
        "w":0.9943868475,
        "x":0.01261727419,
        "y":-0.001332825291
      },
      "time":12,
      "trackPosition":true
    },
    {
      "fov":35,
      "movingEnd":true,
      "movingStart":true,
      "pos":{
        "x":244.0171531,
        "y":-900.7562571,
        "z":247.17082
      },
      "rot":{
        "z":0.1050420178,
        "w":0.9943868475,
        "x":0.01261727419,
        "y":-0.001332825291
      },
      "time":24,
      "trackPosition":true
    }
  ],
  "name":"camPath",
  "rotFixId":1,
  "version":"6"
}