{
  "looped":false,
  "manualFov":false,
  "markers":[
    {
      "fov":20,
      "movingEnd":true,
      "movingStart":true,
      "pos":{
        "x":451.8823853,
        "y":-1363.079102,
        "z":420.5105286
      },
      "rot":{
        "z":-0.7200996515,
        "w":-0.6917847166,
        "x":-0.03724588697,
        "y":0.03877037117
      },
      "time":0,
      "trackPosition":true
    },
    {
      "fov":20,
      "movingEnd":true,
      "movingStart":true,
      "pos":{
        "x":455.7033081,
        "y":-1361.207153,
        "z":420.5105286
      },
      "rot":{
        "z":-0.7200996515,
        "w":-0.6917847166,
        "x":-0.03724588697,
        "y":0.03877037117
      },
      "time":3,
      "trackPosition":true
    }
  ],
  "name":"camPath",
  "rotFixId":1,
  "version":"6"
}