{
  "looped":false,
  "manualFov":false,
  "markers":[
    {
      "fov":20,
      "movingEnd":true,
      "movingStart":true,
      "pos":{
        "x":947.4006348,
        "y":-596.574707,
        "z":166.9711456
      },
      "rot":{
        "z":0.3455281239,
        "w":0.9334580847,
        "x":0.09027551944,
        "y":-0.03341631657
      },
      "time":0,
      "trackPosition":true
    },
    {
      "fov":20,
      "movingEnd":true,
      "movingStart":true,
      "pos":{
        "x":952.9835205,
        "y":-591.7125854,
        "z":166.9711456
      },
      "rot":{
        "z":0.3455281239,
        "w":0.9334580847,
        "x":0.09027551944,
        "y":-0.03341631657
      },
      "time":3,
      "trackPosition":true
    }
  ],
  "name":"camPath",
  "rotFixId":2,
  "version":"6"
}