{
  "looped":false,
  "manualFov":true,
  "markers":[
    {
      "fov":40,
      "movingEnd":true,
      "movingStart":true,
      "pos":{
        "x":966.5356797,
        "y":-588.7534778,
        "z":165.965129
      },
      "rot":{
        "z":0.3349959335,
        "w":0.9354475564,
        "x":0.106161398,
        "y":-0.03801777703
      },
      "time":0,
      "trackPosition":true
    },
    {
      "cut":true,
      "fov":40,
      "movingEnd":true,
      "movingStart":true,
      "pos":{
        "x":975.4806815,
        "y":-566.736144,
        "z":165.7054424
      },
      "rot":{
        "z":0.2552386364,
        "w":0.9666993425,
        "x":0.01797486754,
        "y":-0.004745923038
      },
      "time":12,
      "trackPosition":true
    },
    {
      "fov":40,
      "movingEnd":true,
      "movingStart":true,
      "pos":{
        "x":982.1278308,
        "y":-573.944544,
        "z":163.1910463
      },
      "rot":{
        "z":-0.8641022885,
        "w":0.5019816388,
        "x":-0.01839933461,
        "y":-0.03167228822
      },
      "time":12,
      "trackPosition":true
    },
    {
      "fov":40,
      "movingEnd":true,
      "movingStart":true,
      "pos":{
        "x":981.523983,
        "y":-586.1506565,
        "z":166.3977555
      },
      "rot":{
        "z":-0.5262214781,
        "w":0.8247802112,
        "x":0.1744657166,
        "y":0.1113116028
      },
      "time":24,
      "trackPosition":true
    }
  ],
  "name":"camPath",
  "rotFixId":3,
  "version":"6"
}