{
  "looped":false,
  "manualFov":true,
  "markers":[
    {
      "fov":40,
      "movingEnd":true,
      "movingStart":true,
      "pos":{
        "x":455.9187917,
        "y":-1377.689932,
        "z":419.91641
      },
      "rot":{
        "z":0.7171158931,
        "w":-0.6943606605,
        "x":-0.04178375097,
        "y":-0.0431530667
      },
      "time":0,
      "trackPosition":true
    },
    {
      "cut":true,
      "fov":40,
      "movingEnd":true,
      "movingStart":true,
      "pos":{
        "x":452.4362439,
        "y":-1364.529992,
        "z":419.91641
      },
      "rot":{
        "z":0.8789511329,
        "w":-0.4755633946,
        "x":-0.01705420535,
        "y":-0.03152011548
      },
      "time":12,
      "trackPosition":true
    },
    {
      "fov":40,
      "movingEnd":true,
      "movingStart":true,
      "pos":{
        "x":445.6949681,
        "y":-1372.99328,
        "z":418.0931109
      },
      "rot":{
        "z":0.8275838768,
        "w":0.5572888917,
        "x":0.03761047278,
        "y":-0.05585221837
      },
      "time":12,
      "trackPosition":true
    },
    {
      "fov":40,
      "movingEnd":true,
      "movingStart":true,
      "pos":{
        "x":439.6568296,
        "y":-1379.532737,
        "z":418.5183288
      },
      "rot":{
        "z":0.8275838768,
        "w":0.5572888917,
        "x":0.03761047278,
        "y":-0.05585221837
      },
      "time":24,
      "trackPosition":true
    }
  ],
  "name":"camPath",
  "rotFixId":3,
  "version":"6"
}