{
  "looped":false,
  "manualFov":true,
  "markers":[
    {
      "fov":40,
      "movingEnd":true,
      "movingStart":true,
      "pos":{
        "x":539.9465564,
        "y":-1311.123703,
        "z":422.824769
      },
      "rot":{
        "z":0.9877938655,
        "w":0.1474503771,
        "x":0.007413749393,
        "y":-0.04966590329
      },
      "time":0,
      "trackPosition":true
    },
    {
      "cut":true,
      "fov":40,
      "movingEnd":true,
      "movingStart":true,
      "pos":{
        "x":532.1998291,
        "y":-1325.60144,
        "z":422.276947
      },
      "rot":{
        "z":0.6353688043,
        "w":0.7714588077,
        "x":0.02626511486,
        "y":-0.02163178962
      },
      "time":12,
      "trackPosition":true
    },
    {
      "fov":40,
      "movingEnd":true,
      "movingStart":true,
      "pos":{
        "x":552.1075571,
        "y":-1325.928247,
        "z":422.8760748
      },
      "rot":{
        "z":-0.5742881329,
        "w":0.8162789475,
        "x":0.05095665044,
        "y":0.03585024424
      },
      "time":12,
      "trackPosition":true
    },
    {
      "fov":40,
      "movingEnd":true,
      "movingStart":true,
      "pos":{
        "x":543.8024452,
        "y":-1319.572937,
        "z":421.7842821
      },
      "rot":{
        "z":-0.8249762874,
        "w":0.5651591457,
        "x":0.00172028934,
        "y":0.002511147389
      },
      "time":24,
      "trackPosition":true
    }
  ],
  "name":"camPath",
  "rotFixId":3,
  "version":"6"
}