{
  "looped":false,
  "manualFov":true,
  "markers":[
    {
      "fov":25,
      "movingEnd":true,
      "movingStart":true,
      "pos":{
        "x":996.286626,
        "y":-637.5286236,
        "z":160.6229574
      },
      "rot":{
        "z":0.2703460149,
        "w":-0.9626365617,
        "x":-0.01503507277,
        "y":-0.004222436762
      },
      "time":0,
      "trackPosition":true
    },
    {
      "cut":true,
      "fov":25,
      "movingEnd":true,
      "movingStart":true,
      "pos":{
        "x":1004.137171,
        "y":-627.686262,
        "z":161.1915358
      },
      "rot":{
        "z":0.5957479395,
        "w":-0.8006422899,
        "x":-0.05109601602,
        "y":-0.03801990807
      },
      "time":12,
      "trackPosition":true
    },
    {
      "fov":40,
      "movingEnd":true,
      "movingStart":true,
      "pos":{
        "x":988.6467206,
        "y":-617.0356804,
        "z":161.6551075
      },
      "rot":{
        "z":0.9593108202,
        "w":0.263610118,
        "x":0.02680312384,
        "y":-0.09753998409
      },
      "time":12,
      "trackPosition":true
    },
    {
      "fov":40,
      "movingEnd":true,
      "movingStart":true,
      "pos":{
        "x":985.6518514,
        "y":-630.8504225,
        "z":160.6609498
      },
      "rot":{
        "z":0.7200609538,
        "w":0.6914750289,
        "x":0.04023608286,
        "y":-0.04189946273
      },
      "time":24,
      "trackPosition":true
    }
  ],
  "name":"camPath",
  "rotFixId":1,
  "version":"6"
}