{
  "looped":false,
  "manualFov":false,
  "markers":[
    {
      "fov":20,
      "movingEnd":true,
      "movingStart":true,
      "pos":{
        "x":722.8817749,
        "y":770.9706421,
        "z":183.3610229
      },
      "rot":{
        "z":-0.976201488,
        "w":0.2056574179,
        "x":0.01418621028,
        "y":0.06733819637
      },
      "time":0,
      "trackPosition":true
    },
    {
      "fov":20,
      "movingEnd":true,
      "movingStart":true,
      "pos":{
        "x":717.4934082,
        "y":772.5476685,
        "z":183.0675049
      },
      "rot":{
        "z":-0.976201488,
        "w":0.2056574179,
        "x":0.01418621028,
        "y":0.06733819637
      },
      "time":3,
      "trackPosition":true
    }
  ],
  "name":"camPath",
  "rotFixId":1,
  "version":"6"
}