{
  "looped":false,
  "manualFov":true,
  "markers":[
    {
      "fov":35,
      "movingEnd":true,
      "movingStart":true,
      "pos":{
        "x":730.2720947,
        "y":747.9316406,
        "z":180.2825775
      },
      "rot":{
        "z":-0.2243251162,
        "w":0.9650253477,
        "x":0.1321393892,
        "y":0.03071648212
      },
      "time":0,
      "trackPosition":true
    },
    {
      "cut":true,
      "fov":35,
      "movingEnd":true,
      "movingStart":true,
      "pos":{
        "x":714.1966553,
        "y":752.5007324,
        "z":180.7277832
      },
      "rot":{
        "z":0.5399517871,
        "w":0.8375303151,
        "x":0.0702942652,
        "y":-0.04531837646
      },
      "time":16,
      "trackPosition":true
    },
    {
      "fov":35,
      "movingEnd":true,
      "movingStart":true,
      "pos":{
        "x":723.5112745,
        "y":770.4086062,
        "z":180.5608629
      },
      "rot":{
        "z":0.9955637304,
        "w":0.05924301995,
        "x":0.004342083245,
        "y":-0.07296759342
      },
      "time":16,
      "trackPosition":true
    },
    {
      "fov":35,
      "movingEnd":true,
      "movingStart":true,
      "pos":{
        "x":728.7173624,
        "y":760.8210024,
        "z":179.0668485
      },
      "rot":{
        "z":0.9955637304,
        "w":0.05924301995,
        "x":0.004342083245,
        "y":-0.07296759342
      },
      "time":28,
      "trackPosition":true
    }
  ],
  "name":"camPath",
  "rotFixId":1,
  "version":"6"
}