{
  "looped":false,
  "manualFov":true,
  "markers":[
    {
      "fov":35,
      "movingEnd":true,
      "movingStart":true,
      "pos":{
        "x":727.1746216,
        "y":774.1323853,
        "z":179.4813995
      },
      "rot":{
        "z":-0.9897697411,
        "w":0.1188882923,
        "x":0.00940674794,
        "y":0.07831313153
      },
      "time":0,
      "trackPosition":true
    },
    {
      "cut":true,
      "fov":35,
      "movingEnd":true,
      "movingStart":true,
      "pos":{
        "x":738.4923086,
        "y":765.2233164,
        "z":179.4412979
      },
      "rot":{
        "z":-0.8151210418,
        "w":0.5754330247,
        "x":0.03849149257,
        "y":0.0545245479
      },
      "time":12,
      "trackPosition":true
    },
    {
      "fov":35,
      "movingEnd":true,
      "movingStart":true,
      "pos":{
        "x":721.1756487,
        "y":762.0970827,
        "z":178.82901
      },
      "rot":{
        "z":0.5629984768,
        "w":0.8260656213,
        "x":0.02103995837,
        "y":-0.01433961687
      },
      "time":12,
      "trackPosition":true
    },
    {
      "fov":35,
      "movingEnd":true,
      "movingStart":true,
      "pos":{
        "x":738.7565308,
        "y":754.9552002,
        "z":178.7696075
      },
      "rot":{
        "z":-0.3894507462,
        "w":0.9210385078,
        "x":0.003705250519,
        "y":0.001566723397
      },
      "time":24,
      "trackPosition":true
    }
  ],
  "name":"camPath",
  "rotFixId":3,
  "version":"6"
}