{
  "looped":false,
  "manualFov":false,
  "markers":[
    {
      "fov":20,
      "movingEnd":true,
      "movingStart":true,
      "pos":{
        "x":-1855.988403,
        "y":-412.1946411,
        "z":155.7045135
      },
      "rot":{
        "z":0.9900903648,
        "w":0.002957848312,
        "x":0.0004194382229,
        "y":-0.140399946
      },
      "time":0,
      "trackPosition":true
    },
    {
      "fov":20,
      "movingEnd":true,
      "movingStart":true,
      "pos":{
        "x":-1856.470703,
        "y":-418.4355774,
        "z":155.7045135
      },
      "rot":{
        "z":0.9900903648,
        "w":0.002957848312,
        "x":0.0004194382229,
        "y":-0.140399946
      },
      "time":3,
      "trackPosition":true
    }
  ],
  "name":"camPath",
  "rotFixId":1,
  "version":"6"
}