{
  "looped":false,
  "manualFov":false,
  "markers":[
    {
      "fov":20,
      "movingEnd":true,
      "movingStart":true,
      "pos":{
        "x":-656.4087524,
        "y":-763.1743164,
        "z":493.0846558
      },
      "rot":{
        "z":0.6025666886,
        "w":0.7933651411,
        "x":0.0688976698,
        "y":-0.05232828945
      },
      "time":0,
      "trackPosition":true
    },
    {
      "fov":20,
      "movingEnd":true,
      "movingStart":true,
      "pos":{
        "x":-652.8431396,
        "y":-763.131958,
        "z":493.0846558
      },
      "rot":{
        "z":0.6025666886,
        "w":0.7933651411,
        "x":0.0688976698,
        "y":-0.05232828945
      },
      "time":3,
      "trackPosition":true
    }
  ],
  "name":"camPath",
  "rotFixId":1,
  "version":"6"
}