{
  "looped":false,
  "manualFov":true,
  "markers":[
    {
      "fov":35,
      "movingEnd":true,
      "movingStart":true,
      "pos":{
        "x":-661.3480116,
        "y":-775.2620994,
        "z":493.2447921
      },
      "rot":{
        "z":-0.5557793314,
        "w":0.8277487339,
        "x":0.06399348502,
        "y":0.04296745481
      },
      "time":0,
      "trackPosition":true
    },
    {
      "cut":true,
      "fov":35,
      "movingEnd":true,
      "movingStart":true,
      "pos":{
        "x":-660.6874392,
        "y":-765.53144,
        "z":493.2447921
      },
      "rot":{
        "z":-0.7742498348,
        "w":0.6307394909,
        "x":0.03284829392,
        "y":0.04032217185
      },
      "time":12,
      "trackPosition":true
    },
    {
      "fov":35,
      "movingEnd":true,
      "movingStart":true,
      "pos":{
        "x":-673.0315457,
        "y":-766.8670828,
        "z":492.4003909
      },
      "rot":{
        "z":-0.9145977553,
        "w":-0.403641389,
        "x":-0.009762090323,
        "y":0.02211959957
      },
      "time":12,
      "trackPosition":true
    },
    {
      "fov":35,
      "movingEnd":true,
      "movingStart":true,
      "pos":{
        "x":-675.7741696,
        "y":-777.4932154,
        "z":492.3812464
      },
      "rot":{
        "z":-0.7052674553,
        "w":-0.7086459873,
        "x":-0.01450313811,
        "y":0.01443399313
      },
      "time":24,
      "trackPosition":true
    }
  ],
  "name":"camPath",
  "rotFixId":1,
  "version":"6"
}