{
  "looped":false,
  "manualFov":true,
  "markers":[
    {
      "fov":35,
      "movingEnd":true,
      "movingStart":true,
      "pos":{
        "x":-1856.465675,
        "y":-389.9900382,
        "z":153.8684654
      },
      "rot":{
        "z":-0.8891127633,
        "w":0.4504799627,
        "x":0.03656785827,
        "y":0.07217401928
      },
      "time":0,
      "trackPosition":true
    },
    {
      "cut":true,
      "fov":35,
      "movingEnd":true,
      "movingStart":true,
      "pos":{
        "x":-1866.365998,
        "y":-387.2355461,
        "z":153.7136549
      },
      "rot":{
        "z":-0.9933756063,
        "w":0.01122353347,
        "x":0.001292036024,
        "y":0.1143558819
      },
      "time":12,
      "trackPosition":true
    },
    {
      "fov":35,
      "movingEnd":true,
      "movingStart":true,
      "pos":{
        "x":-1870.713013,
        "y":-397.8773499,
        "z":152.5157471
      },
      "rot":{
        "z":-0.547197479,
        "w":-0.8368230838,
        "x":-0.01454572545,
        "y":0.009511430132
      },
      "time":12,
      "trackPosition":true
    },
    {
      "fov":35,
      "movingEnd":true,
      "movingStart":true,
      "pos":{
        "x":-1869.787088,
        "y":-390.290521,
        "z":153.4685532
      },
      "rot":{
        "z":-0.8033045135,
        "w":-0.5931862009,
        "x":-0.03161205327,
        "y":0.04280966926
      },
      "time":24,
      "trackPosition":true
    }
  ],
  "name":"camPath",
  "rotFixId":3,
  "version":"6"
}