{
  "looped":false,
  "manualFov":true,
  "markers":[
    {
      "fov":35,
      "movingEnd":true,
      "movingStart":true,
      "pos":{
        "x":-1864.873291,
        "y":-261.3852844,
        "z":151.0814056
      },
      "rot":{
        "z":-0.6781284807,
        "w":-0.7332716077,
        "x":-0.03637317263,
        "y":0.03363785539
      },
      "time":0,
      "trackPosition":true
    },
    {
      "cut":true,
      "fov":35,
      "movingEnd":true,
      "movingStart":true,
      "pos":{
        "x":-1859.328676,
        "y":-250.1182946,
        "z":150.9678016
      },
      "rot":{
        "z":-0.9220814546,
        "w":-0.386287278,
        "x":-0.009044653185,
        "y":0.02158990844
      },
      "time":12,
      "trackPosition":true
    },
    {
      "fov":35,
      "movingEnd":true,
      "movingStart":true,
      "pos":{
        "x":-1848.455895,
        "y":-259.0523056,
        "z":150.6572025
      },
      "rot":{
        "z":-0.5612119073,
        "w":0.8272565046,
        "x":0.02170416278,
        "y":0.01472413275
      },
      "time":12,
      "trackPosition":true
    },
    {
      "fov":35,
      "movingEnd":true,
      "movingStart":true,
      "pos":{
        "x":-1850.888331,
        "y":-265.1666239,
        "z":150.6572025
      },
      "rot":{
        "z":-0.5612119073,
        "w":0.8272565046,
        "x":0.02170416278,
        "y":0.01472413275
      },
      "time":24,
      "trackPosition":true
    }
  ],
  "name":"camPath",
  "rotFixId":3,
  "version":"6"
}