{
  "looped":false,
  "manualFov":true,
  "markers":[
    {
      "fov":35,
      "movingEnd":true,
      "movingStart":true,
      "pos":{
        "x":-671.1687495,
        "y":-777.9169845,
        "z":493.2384365
      },
      "rot":{
        "z":-0.5859611624,
        "w":0.7950711736,
        "x":0.1260313153,
        "y":0.09288408192
      },
      "time":0,
      "trackPosition":true
    },
    {
      "cut":true,
      "fov":35,
      "movingEnd":true,
      "movingStart":true,
      "pos":{
        "x":-671.4093746,
        "y":-767.9534131,
        "z":492.8808393
      },
      "rot":{
        "z":-0.72703824,
        "w":0.6858189599,
        "x":0.02242211731,
        "y":0.02376973759
      },
      "time":12,
      "trackPosition":true
    },
    {
      "fov":35,
      "movingEnd":true,
      "movingStart":true,
      "pos":{
        "x":-686.5020752,
        "y":-777.9003906,
        "z":492.1779175
      },
      "rot":{
        "z":0.6481798252,
        "w":0.761210401,
        "x":0.01563388702,
        "y":-0.01331244311
      },
      "time":12,
      "trackPosition":true
    },
    {
      "fov":35,
      "movingEnd":true,
      "movingStart":true,
      "pos":{
        "x":-685.0134277,
        "y":-769.8429565,
        "z":492.0818481
      },
      "rot":{
        "z":0.6481798252,
        "w":0.761210401,
        "x":0.01563388702,
        "y":-0.01331244311
      },
      "time":24,
      "trackPosition":true
    }
  ],
  "name":"camPath",
  "rotFixId":3,
  "version":"6"
}