{
  "looped":false,
  "manualFov":false,
  "markers":[
    {
      "fov":20,
      "movingEnd":true,
      "movingStart":true,
      "pos":{
        "x":1110.471802,
        "y":-381.9577637,
        "z":148.8925629
      },
      "rot":{
        "z":-0.9785177607,
        "w":0.1761467702,
        "x":0.0189785525,
        "y":0.1054282782
      },
      "time":0,
      "trackPosition":true
    },
    {
      "fov":20,
      "movingEnd":true,
      "movingStart":true,
      "pos":{
        "x":1107.357178,
        "y":-387.7243958,
        "z":148.4196625
      },
      "rot":{
        "z":-0.9785177607,
        "w":0.1761467702,
        "x":0.0189785525,
        "y":0.1054282782
      },
      "time":3,
      "trackPosition":true
    }
  ],
  "name":"camPath",
  "rotFixId":1,
  "version":"6"
}