{
  "looped":false,
  "manualFov":false,
  "markers":[
    {
      "fov":20,
      "movingEnd":true,
      "movingStart":true,
      "pos":{
        "x":-1499.342163,
        "y":1497.384277,
        "z":167.2951202
      },
      "rot":{
        "z":0.8679505514,
        "w":-0.4948371259,
        "x":-0.02100172999,
        "y":-0.03683729893
      },
      "time":0,
      "trackPosition":true
    },
    {
      "fov":20,
      "movingEnd":true,
      "movingStart":true,
      "pos":{
        "x":-1506.235474,
        "y":1494.619751,
        "z":167.1833344
      },
      "rot":{
        "z":0.8679505514,
        "w":-0.4948371259,
        "x":-0.02100172999,
        "y":-0.03683729893
      },
      "time":3,
      "trackPosition":true
    }
  ],
  "name":"camPath",
  "rotFixId":1,
  "version":"6"
}