{
  "looped":false,
  "manualFov":true,
  "markers":[
    {
      "fov":35,
      "movingEnd":true,
      "movingStart":true,
      "pos":{
        "x":1127.530686,
        "y":-363.3629716,
        "z":146.1784515
      },
      "rot":{
        "z":-0.977902865,
        "w":0.1978199926,
        "x":0.0134084132,
        "y":0.06628311683
      },
      "time":0,
      "trackPosition":true
    },
    {
      "cut":true,
      "fov":35,
      "movingEnd":true,
      "movingStart":true,
      "pos":{
        "x":1132.208171,
        "y":-371.2728637,
        "z":146.6196432
      },
      "rot":{
        "z":-0.8614041085,
        "w":0.5029686467,
        "x":0.03567421325,
        "y":0.06109707645
      },
      "time":12,
      "trackPosition":true
    },
    {
      "fov":35,
      "movingEnd":true,
      "movingStart":true,
      "pos":{
        "x":1122.302865,
        "y":-381.9658072,
        "z":145.769747
      },
      "rot":{
        "z":0.3571951453,
        "w":0.9337745751,
        "x":0.0203917722,
        "y":-0.00780042874
      },
      "time":12,
      "trackPosition":true
    },
    {
      "fov":35,
      "movingEnd":true,
      "movingStart":true,
      "pos":{
        "x":1117.766912,
        "y":-374.5610641,
        "z":145.6718968
      },
      "rot":{
        "z":0.4693058233,
        "w":0.8829187713,
        "x":0.01268856555,
        "y":-0.006744468342
      },
      "time":24,
      "trackPosition":true
    }
  ],
  "name":"camPath",
  "rotFixId":1,
  "version":"6"
}