{
  "looped":false,
  "manualFov":true,
  "markers":[
    {
      "fov":30,
      "movingEnd":true,
      "movingStart":true,
      "pos":{
        "x":-1469.110962,
        "y":1501.393433,
        "z":167.1074982
      },
      "rot":{
        "z":-0.8970505368,
        "w":0.4312578805,
        "x":0.04182222603,
        "y":0.08699354147
      },
      "time":0,
      "trackPosition":true
    },
    {
      "cut":true,
      "fov":30,
      "movingEnd":true,
      "movingStart":true,
      "pos":{
        "x":-1472.974731,
        "y":1490.401611,
        "z":166.3516846
      },
      "rot":{
        "z":-0.5289684515,
        "w":0.8423568961,
        "x":0.08730243181,
        "y":0.05482264392
      },
      "time":12,
      "trackPosition":true
    },
    {
      "fov":30,
      "movingEnd":true,
      "movingStart":true,
      "pos":{
        "x":-1485.430612,
        "y":1490.408208,
        "z":166.0094728
      },
      "rot":{
        "z":0.5914299483,
        "w":0.8017591803,
        "x":0.06919276568,
        "y":-0.05104110416
      },
      "time":12,
      "trackPosition":true
    },
    {
      "fov":30,
      "movingEnd":true,
      "movingStart":true,
      "pos":{
        "x":-1487.475982,
        "y":1497.027927,
        "z":166.0094728
      },
      "rot":{
        "z":0.5914299483,
        "w":0.8017591803,
        "x":0.06919276567,
        "y":-0.05104110415
      },
      "time":24,
      "trackPosition":true
    }
  ],
  "name":"camPath",
  "rotFixId":3,
  "version":"6"
}