{
  "looped":false,
  "manualFov":true,
  "markers":[
    {
      "fov":30,
      "movingEnd":true,
      "movingStart":true,
      "pos":{
        "x":1149.349565,
        "y":-355.3889939,
        "z":147.141203
      },
      "rot":{
        "z":0.4450600129,
        "w":0.8951379459,
        "x":0.02282277268,
        "y":-0.01134741695
      },
      "time":0,
      "trackPosition":true
    },
    {
      "cut":true,
      "fov":30,
      "movingEnd":true,
      "movingStart":true,
      "pos":{
        "x":1143.402032,
        "y":-344.6752111,
        "z":147.0531971
      },
      "rot":{
        "z":0.4450600129,
        "w":0.8951379459,
        "x":0.02282277268,
        "y":-0.01134741695
      },
      "time":12,
      "trackPosition":true
    },
    {
      "fov":30,
      "movingEnd":true,
      "movingStart":true,
      "pos":{
        "x":1163.504517,
        "y":-342.2260742,
        "z":147.0533447
      },
      "rot":{
        "z":0.9904486489,
        "w":0.1378819036,
        "x":3.217610894e-05,
        "y":-0.0002311310099
      },
      "time":12,
      "trackPosition":true
    },
    {
      "fov":30,
      "movingEnd":true,
      "movingStart":true,
      "pos":{
        "x":1154.149292,
        "y":-337.4517517,
        "z":147.052948
      },
      "rot":{
        "z":0.9904486489,
        "w":0.1378819036,
        "x":3.217610894e-05,
        "y":-0.0002311310099
      },
      "time":24,
      "trackPosition":true
    }
  ],
  "name":"camPath",
  "rotFixId":3,
  "version":"6"
}