{
  "looped":false,
  "manualFov":true,
  "markers":[
    {
      "fov":30,
      "movingEnd":true,
      "movingStart":true,
      "pos":{
        "x":-1554.616517,
        "y":1469.866961,
        "z":165.5703078
      },
      "rot":{
        "z":0.830985391,
        "w":-0.5562792006,
        "x":-0.002275392514,
        "y":-0.003399044826
      },
      "time":0,
      "trackPosition":true
    },
    {
      "cut":true,
      "fov":30,
      "movingEnd":true,
      "movingStart":true,
      "pos":{
        "x":-1556.972093,
        "y":1455.302234,
        "z":166.5036331
      },
      "rot":{
        "z":0.4205367533,
        "w":-0.8997758323,
        "x":-0.1054638557,
        "y":-0.04929164119
      },
      "time":12,
      "trackPosition":true
    },
    {
      "fov":25,
      "movingEnd":true,
      "movingStart":true,
      "pos":{
        "x":-1574.951821,
        "y":1465.643437,
        "z":166.1728894
      },
      "rot":{
        "z":-0.7999108409,
        "w":-0.5945365313,
        "x":-0.04871476192,
        "y":0.06554259347
      },
      "time":12,
      "trackPosition":true
    },
    {
      "fov":25,
      "movingEnd":true,
      "movingStart":true,
      "pos":{
        "x":-1571.311629,
        "y":1458.100404,
        "z":165.4102645
      },
      "rot":{
        "z":-0.722833712,
        "w":-0.6908719554,
        "x":-0.009949733926,
        "y":0.01041003771
      },
      "time":24,
      "trackPosition":true
    }
  ],
  "name":"camPath",
  "rotFixId":1,
  "version":"6"
}