{
  "looped":false,
  "manualFov":false,
  "markers":[
    {
      "fov":20,
      "movingEnd":true,
      "movingStart":true,
      "pos":{
        "x":-1583.732422,
        "y":1459.614868,
        "z":169.9342194
      },
      "rot":{
        "z":0.9458730313,
        "w":0.3112653557,
        "x":0.02871394526,
        "y":-0.08725592472
      },
      "time":0,
      "trackPosition":true
    },
    {
      "fov":20,
      "movingEnd":true,
      "movingStart":true,
      "pos":{
        "x":-1581.312134,
        "y":1457.952271,
        "z":169.3243866
      },
      "rot":{
        "z":0.9458730313,
        "w":0.3112653557,
        "x":0.02871394526,
        "y":-0.08725592472
      },
      "time":3,
      "trackPosition":true
    }
  ],
  "name":"camPath",
  "rotFixId":1,
  "version":"6"
}