{
  "looped":false,
  "manualFov":false,
  "markers":[
    {
      "fov":20,
      "movingEnd":true,
      "movingStart":true,
      "pos":{
        "x":-1578.857056,
        "y":1471.855347,
        "z":167.7458191
      },
      "rot":{
        "z":0.9458730313,
        "w":0.3112653557,
        "x":0.02871394526,
        "y":-0.08725592472
      },
      "time":0,
      "trackPosition":true
    },
    {
      "fov":20,
      "movingEnd":true,
      "movingStart":true,
      "pos":{
        "x":-1583.554443,
        "y":1470.621704,
        "z":167.3962708
      },
      "rot":{
        "z":0.9458730313,
        "w":0.3112653557,
        "x":0.02871394526,
        "y":-0.08725592472
      },
      "time":3,
      "trackPosition":true
    }
  ],
  "name":"camPath",
  "rotFixId":1,
  "version":"6"
}