{
  "looped":false,
  "manualFov":true,
  "markers":[
    {
      "fov":35,
      "movingEnd":true,
      "movingStart":true,
      "pos":{
        "x":-1565.559835,
        "y":1468.73439,
        "z":166.5357647
      },
      "rot":{
        "z":0.7464095304,
        "w":0.6555036415,
        "x":0.0757781231,
        "y":-0.08628710765
      },
      "time":0,
      "trackPosition":true
    },
    {
      "cut":true,
      "fov":35,
      "movingEnd":true,
      "movingStart":true,
      "pos":{
        "x":-1565.019116,
        "y":1459.316056,
        "z":166.360565
      },
      "rot":{
        "z":0.554150585,
        "w":0.8303147049,
        "x":0.04917030278,
        "y":-0.03281617426
      },
      "time":12,
      "trackPosition":true
    },
    {
      "fov":35,
      "movingEnd":true,
      "movingStart":true,
      "pos":{
        "x":-1555.663274,
        "y":1471.476922,
        "z":166.1909055
      },
      "rot":{
        "z":0.9343028721,
        "w":-0.3550702983,
        "x":-0.01125205353,
        "y":-0.02960773115
      },
      "time":12,
      "trackPosition":true
    },
    {
      "fov":35,
      "movingEnd":true,
      "movingStart":true,
      "pos":{
        "x":-1552.087322,
        "y":1462.064697,
        "z":165.9227143
      },
      "rot":{
        "z":0.6536007341,
        "w":-0.7568395098,
        "x":0.0001452007277,
        "y":0.0001253942229
      },
      "time":24,
      "trackPosition":true
    }
  ],
  "name":"camPath",
  "rotFixId":1,
  "version":"6"
}