{
  "looped":false,
  "manualFov":true,
  "markers":[
    {
      "fov":35,
      "movingEnd":true,
      "movingStart":true,
      "pos":{
        "x":-1575.19043,
        "y":1429.188232,
        "z":166.9056702
      },
      "rot":{
        "z":0.1852511614,
        "w":0.972605164,
        "x":0.1379521451,
        "y":-0.02627561115
      },
      "time":0,
      "trackPosition":true
    },
    {
      "cut":true,
      "fov":35,
      "movingEnd":true,
      "movingStart":true,
      "pos":{
        "x":-1580.013428,
        "y":1441.028198,
        "z":166.8840485
      },
      "rot":{
        "z":-0.8239571664,
        "w":0.5463289593,
        "x":0.08311157128,
        "y":0.1253464119
      },
      "time":14,
      "trackPosition":true
    },
    {
      "fov":35,
      "movingEnd":true,
      "movingStart":true,
      "pos":{
        "x":-1593.280518,
        "y":1432.196899,
        "z":164.9893799
      },
      "rot":{
        "z":-0.8994574199,
        "w":-0.4354453283,
        "x":-0.01609132927,
        "y":0.03323830701
      },
      "time":14,
      "trackPosition":true
    },
    {
      "fov":35,
      "movingEnd":true,
      "movingStart":true,
      "pos":{
        "x":-1585.792603,
        "y":1425.109985,
        "z":166.432785
      },
      "rot":{
        "z":-0.8994574199,
        "w":-0.4354453283,
        "x":-0.01609132927,
        "y":0.03323830701
      },
      "time":29,
      "trackPosition":true
    }
  ],
  "name":"camPath",
  "rotFixId":1,
  "version":"6"
}