{
  "looped":false,
  "manualFov":true,
  "markers":[
    {
      "fov":35,
      "movingEnd":true,
      "movingStart":true,
      "pos":{
        "x":-1582.764184,
        "y":1469.533186,
        "z":166.4986279
      },
      "rot":{
        "z":0.9833696917,
        "w":0.1756307768,
        "x":0.008129371889,
        "y":-0.04551695365
      },
      "time":0,
      "trackPosition":true
    },
    {
      "cut":true,
      "fov":35,
      "movingEnd":true,
      "movingStart":true,
      "pos":{
        "x":-1589.641333,
        "y":1461.85101,
        "z":166.3848306
      },
      "rot":{
        "z":0.8657881708,
        "w":0.494463857,
        "x":0.038146048,
        "y":-0.06679233811
      },
      "time":12,
      "trackPosition":true
    },
    {
      "fov":35,
      "movingEnd":true,
      "movingStart":true,
      "pos":{
        "x":-1575.766746,
        "y":1457.208551,
        "z":166.0272228
      },
      "rot":{
        "z":-0.3777064307,
        "w":0.9232200428,
        "x":0.06546246454,
        "y":0.02678190754
      },
      "time":12,
      "trackPosition":true
    },
    {
      "fov":35,
      "movingEnd":true,
      "movingStart":true,
      "pos":{
        "x":-1579.060329,
        "y":1454.475315,
        "z":165.9760435
      },
      "rot":{
        "z":-0.3777064307,
        "w":0.9232200428,
        "x":0.06546246454,
        "y":0.02678190754
      },
      "time":24,
      "trackPosition":true
    }
  ],
  "name":"camPath",
  "rotFixId":1,
  "version":"6"
}