{
  "looped":false,
  "manualFov":false,
  "markers":[
    {
      "fov":30,
      "movingEnd":true,
      "movingStart":true,
      "pos":{
        "x":749.885498,
        "y":429.3645935,
        "z":181.5268555
      },
      "rot":{
        "z":-0.3548202368,
        "w":-0.9344479838,
        "x":-0.0281948397,
        "y":0.01070589254
      },
      "time":0,
      "trackPosition":true
    },
    {
      "fov":30,
      "movingEnd":true,
      "movingStart":true,
      "pos":{
        "x":746.3421021,
        "y":432.5214844,
        "z":181.6062012
      },
      "rot":{
        "z":-0.3548202368,
        "w":-0.9344479838,
        "x":-0.0281948397,
        "y":0.01070589254
      },
      "time":3,
      "trackPosition":true
    }
  ],
  "name":"camPath",
  "rotFixId":1,
  "version":"6"
}