{
  "looped":false,
  "manualFov":true,
  "markers":[
    {
      "fov":40,
      "movingEnd":true,
      "movingStart":true,
      "pos":{
        "x":760.631897,
        "y":413.6859741,
        "z":180.6586304
      },
      "rot":{
        "z":-0.6085437046,
        "w":0.7839738108,
        "x":0.09694013971,
        "y":0.07524780921
      },
      "time":0,
      "trackPosition":true
    },
    {
      "cut":true,
      "fov":40,
      "movingEnd":true,
      "movingStart":true,
      "pos":{
        "x":747.7139893,
        "y":417.0754089,
        "z":179.4036407
      },
      "rot":{
        "z":-0.612446904,
        "w":0.790511722,
        "x":6.698977506e-05,
        "y":5.190015428e-05
      },
      "time":12,
      "trackPosition":true
    },
    {
      "fov":25,
      "movingEnd":true,
      "movingStart":true,
      "pos":{
        "x":740.4033203,
        "y":426.8612671,
        "z":182.563797
      },
      "rot":{
        "z":-0.964127195,
        "w":-0.2033695239,
        "x":-0.03520804848,
        "y":0.1669130968
      },
      "time":12,
      "trackPosition":true
    },
    {
      "fov":25,
      "movingEnd":true,
      "movingStart":true,
      "pos":{
        "x":758.7470703,
        "y":427.8239441,
        "z":184.2942963
      },
      "rot":{
        "z":-0.9951266669,
        "w":-0.07983991683,
        "x":-0.004627792307,
        "y":0.05768091596
      },
      "time":24,
      "trackPosition":true
    }
  ],
  "name":"camPath",
  "rotFixId":1,
  "version":"6"
}