{
  "lastVehicle":1,
  "spawnedPlayerVehicles":{
  },
  "unicyclePos":{"x":798.6051025,"y":-177.7686462,"z":145.07164}
}