{
  "looped":false,
  "manualFov":false,
  "markers":[
    {
      "fov":20,
      "movingEnd":true,
      "movingStart":true,
      "pos":{
        "x":-1567.779053,
        "y":-673.5247192,
        "z":259.8405762
      },
      "rot":{
        "z":0.4690409309,
        "w":0.8749443216,
        "x":0.1060293336,
        "y":-0.05684029954
      },
      "time":0,
      "trackPosition":true
    },
    {
      "fov":20,
      "movingEnd":true,
      "movingStart":true,
      "pos":{
        "x":-1565.103516,
        "y":-669.538147,
        "z":259.8660889
      },
      "rot":{
        "z":0.4690409309,
        "w":0.8749443216,
        "x":0.1060293336,
        "y":-0.05684029954
      },
      "time":3,
      "trackPosition":true
    }
  ],
  "name":"camPath",
  "rotFixId":1,
  "version":"6"
}