{
  "looped":false,
  "manualFov":false,
  "markers":[
    {
      "fov":20,
      "movingEnd":true,
      "movingStart":true,
      "pos":{
        "x":438.4062195,
        "y":-880.9041138,
        "z":262.5431519
      },
      "rot":{
        "z":-0.4514777166,
        "w":0.8903959471,
        "x":0.05172178334,
        "y":0.02622567265
      },
      "time":0,
      "trackPosition":true
    },
    {
      "fov":20,
      "movingEnd":true,
      "movingStart":true,
      "pos":{
        "x":434.4483337,
        "y":-879.8514404,
        "z":262.5431519
      },
      "rot":{
        "z":-0.4514777166,
        "w":0.8903959471,
        "x":0.05172178334,
        "y":0.02622567265
      },
      "time":3,
      "trackPosition":true
    }
  ],
  "name":"camPath",
  "rotFixId":1,
  "version":"6"
}