{
  "looped":false,
  "manualFov":true,
  "markers":[
    {
      "fov":35,
      "movingEnd":true,
      "movingStart":true,
      "pos":{
        "x":445.1938715,
        "y":-898.3336872,
        "z":262.3273763
      },
      "rot":{
        "z":-0.3760559355,
        "w":0.9263214925,
        "x":0.02093335863,
        "y":0.00849825231
      },
      "time":0,
      "trackPosition":true
    },
    {
      "cut":true,
      "fov":35,
      "movingEnd":true,
      "movingStart":true,
      "pos":{
        "x":442.9600474,
        "y":-887.3225227,
        "z":261.9326624
      },
      "rot":{
        "z":-0.9228413101,
        "w":0.376360223,
        "x":0.03094935484,
        "y":0.07588831503
      },
      "time":12,
      "trackPosition":true
    },
    {
      "fov":30,
      "movingEnd":true,
      "movingStart":true,
      "pos":{
        "x":430.225588,
        "y":-887.3603298,
        "z":261.9326624
      },
      "rot":{
        "z":-0.8479869248,
        "w":-0.5296145629,
        "x":-0.01094102326,
        "y":0.01751810717
      },
      "time":12,
      "trackPosition":true
    },
    {
      "fov":30,
      "movingEnd":true,
      "movingStart":true,
      "pos":{
        "x":430.5170571,
        "y":-893.0012252,
        "z":261.9319054
      },
      "rot":{
        "z":-0.6872513605,
        "w":-0.7254844853,
        "x":-0.02675135121,
        "y":0.02534155159
      },
      "time":24,
      "trackPosition":true
    }
  ],
  "name":"camPath",
  "rotFixId":1,
  "version":"6"
}