{
  "looped":false,
  "manualFov":true,
  "markers":[
    {
      "fov":40,
      "movingEnd":true,
      "movingStart":true,
      "pos":{
        "x":-1582.024902,
        "y":-687.0619507,
        "z":258.6525269
      },
      "rot":{
        "z":0.06758291409,
        "w":0.9947804037,
        "x":0.07627349991,
        "y":-0.005181832466
      },
      "time":0,
      "trackPosition":true
    },
    {
      "cut":true,
      "fov":40,
      "movingEnd":true,
      "movingStart":true,
      "pos":{
        "x":-1585.631142,
        "y":-677.8755073,
        "z":258.897625
      },
      "rot":{
        "z":0.7279375472,
        "w":0.6767699857,
        "x":0.07486573182,
        "y":-0.08052599604
      },
      "time":12,
      "trackPosition":true
    },
    {
      "fov":40,
      "movingEnd":true,
      "movingStart":true,
      "pos":{
        "x":-1571.856396,
        "y":-676.9483141,
        "z":260.866427
      },
      "rot":{
        "z":0.8211602643,
        "w":-0.5645924076,
        "x":-0.04716834535,
        "y":-0.0686030673
      },
      "time":12,
      "trackPosition":true
    },
    {
      "fov":40,
      "movingEnd":true,
      "movingStart":true,
      "pos":{
        "x":-1579.759843,
        "y":-672.7614566,
        "z":259.4476732
      },
      "rot":{
        "z":0.9696088812,
        "w":-0.2210729007,
        "x":-0.02329924774,
        "y":-0.1021887235
      },
      "time":24,
      "trackPosition":true
    }
  ],
  "name":"camPath",
  "rotFixId":3,
  "version":"6"
}