{
  "looped":false,
  "manualFov":true,
  "markers":[
    {
      "fov":40,
      "movingEnd":true,
      "movingStart":true,
      "pos":{
        "x":-1571.389789,
        "y":-656.1956127,
        "z":263.2570707
      },
      "rot":{
        "z":-0.9669469823,
        "w":0.1747352352,
        "x":0.03302104839,
        "y":0.1827313367
      },
      "time":0,
      "trackPosition":true
    },
    {
      "cut":true,
      "fov":30,
      "movingEnd":true,
      "movingStart":true,
      "pos":{
        "x":-1562.328369,
        "y":-668.1364136,
        "z":258.6403809
      },
      "rot":{
        "z":-0.6899005108,
        "w":0.7111789672,
        "x":0.09699567908,
        "y":0.09409357086
      },
      "time":12,
      "trackPosition":true
    },
    {
      "fov":40,
      "movingEnd":true,
      "movingStart":true,
      "pos":{
        "x":-1574.746127,
        "y":-661.5512963,
        "z":257.8146387
      },
      "rot":{
        "z":-0.7988602446,
        "w":-0.6011630057,
        "x":0.01240103521,
        "y":-0.01647921433
      },
      "time":12,
      "trackPosition":true
    },
    {
      "fov":40,
      "movingEnd":true,
      "movingStart":true,
      "pos":{
        "x":-1575.020168,
        "y":-670.1183338,
        "z":258.3596584
      },
      "rot":{
        "z":-0.5670622688,
        "w":-0.8236748909,
        "x":0.0001974195051,
        "y":-0.0001359142469
      },
      "time":24,
      "trackPosition":true
    }
  ],
  "name":"camPath",
  "rotFixId":3,
  "version":"6"
}