{
  "looped":false,
  "manualFov":true,
  "markers":[
    {
      "fov":40,
      "movingEnd":true,
      "movingStart":true,
      "pos":{
        "x":434.1455383,
        "y":-888.0857544,
        "z":262.0118103
      },
      "rot":{
        "z":0.03868866349,
        "w":0.9942076093,
        "x":0.1001958804,
        "y":-0.0038990294
      },
      "time":0,
      "trackPosition":true
    },
    {
      "cut":true,
      "fov":40,
      "movingEnd":true,
      "movingStart":true,
      "pos":{
        "x":444.7531548,
        "y":-876.7391472,
        "z":261.7589457
      },
      "rot":{
        "z":-0.7165381451,
        "w":0.6942654575,
        "x":0.04703374924,
        "y":0.04854263606
      },
      "time":12,
      "trackPosition":true
    },
    {
      "fov":35,
      "movingEnd":true,
      "movingStart":true,
      "pos":{
        "x":432.0342495,
        "y":-870.48601,
        "z":260.7332947
      },
      "rot":{
        "z":-0.9953904439,
        "w":-0.09410170397,
        "x":-0.001742409206,
        "y":0.01843088275
      },
      "time":12,
      "trackPosition":true
    },
    {
      "fov":35,
      "movingEnd":true,
      "movingStart":true,
      "pos":{
        "x":439.7609497,
        "y":-872.6433352,
        "z":260.7181516
      },
      "rot":{
        "z":-0.997806843,
        "w":0.06549503737,
        "x":-0.000627907819,
        "y":-0.00956607926
      },
      "time":24,
      "trackPosition":true
    }
  ],
  "name":"camPath",
  "rotFixId":3,
  "version":"6"
}