{
  "looped":false,
  "manualFov":true,
  "markers":[
    {
      "fov":20,
      "movingEnd":true,
      "movingStart":true,
      "pos":{
        "x":-350.603388,
        "y":-542.4516448,
        "z":131.0041641
      },
      "rot":{
        "z":0.228692255,
        "w":0.9734987168,
        "x":0.0003093169149,
        "y":-7.266407399e-05
      },
      "time":0,
      "trackPosition":true
    },
    {
      "fov":20,
      "movingEnd":true,
      "movingStart":true,
      "pos":{
        "x":-350.7978996,
        "y":-546.6176793,
        "z":131.186027
      },
      "rot":{
        "z":0.08888627826,
        "w":0.9957992427,
        "x":0.021892443,
        "y":-0.001954146676
      },
      "time":3,
      "trackPosition":true
    }
  ],
  "name":"camPath",
  "rotFixId":1,
  "version":"6"
}