{
  "looped":false,
  "manualFov":true,
  "markers":[
    {
      "fov":30,
      "movingEnd":true,
      "movingStart":true,
      "pos":{
        "x":171.0702473,
        "y":517.3824711,
        "z":177.4327022
      },
      "rot":{
        "z":-0.3250742915,
        "w":0.9445548503,
        "x":0.0437711392,
        "y":0.01506410354
      },
      "time":0,
      "trackPosition":true
    },
    {
      "cut":true,
      "fov":30,
      "movingEnd":true,
      "movingStart":true,
      "pos":{
        "x":157.2326179,
        "y":514.599952,
        "z":177.154786
      },
      "rot":{
        "z":0.1096753705,
        "w":0.9924271575,
        "x":0.05497939269,
        "y":-0.006075897077
      },
      "time":12,
      "trackPosition":true
    },
    {
      "fov":30,
      "movingEnd":true,
      "movingStart":true,
      "pos":{
        "x":155.8459549,
        "y":525.4202211,
        "z":178.5731097
      },
      "rot":{
        "z":0.9023184381,
        "w":0.4145381173,
        "x":0.04935926299,
        "y":-0.1074395121
      },
      "time":12,
      "trackPosition":true
    },
    {
      "fov":30,
      "movingEnd":true,
      "movingStart":true,
      "pos":{
        "x":160.200523,
        "y":528.8676278,
        "z":178.3175314
      },
      "rot":{
        "z":0.9023184381,
        "w":0.4145381173,
        "x":0.04935926299,
        "y":-0.1074395121
      },
      "time":24,
      "trackPosition":true
    }
  ],
  "name":"camPath",
  "rotFixId":3,
  "version":"6"
}