{
  "looped":false,
  "manualFov":true,
  "markers":[
    {
      "fov":25,
      "movingEnd":true,
      "movingStart":true,
      "pos":{
        "x":-320.1953853,
        "y":-557.1885136,
        "z":131.7766902
      },
      "rot":{
        "z":-0.05689618724,
        "w":0.9973519107,
        "x":0.04522536672,
        "y":0.002579982958
      },
      "time":0,
      "trackPosition":true
    },
    {
      "cut":true,
      "fov":25,
      "movingEnd":true,
      "movingStart":true,
      "pos":{
        "x":-336.5123305,
        "y":-552.1416986,
        "z":131.7442139
      },
      "rot":{
        "z":0.2244594919,
        "w":0.9744791859,
        "x":0.002799473341,
        "y":-0.000644824818
      },
      "time":12,
      "trackPosition":true
    },
    {
      "fov":25,
      "movingEnd":true,
      "movingStart":true,
      "pos":{
        "x":-321.5677536,
        "y":-536.9365294,
        "z":131.5259126
      },
      "rot":{
        "z":0.9744746146,
        "w":-0.2166537099,
        "x":-0.01276679004,
        "y":-0.05742303147
      },
      "time":12,
      "trackPosition":true
    },
    {
      "fov":25,
      "movingEnd":true,
      "movingStart":true,
      "pos":{
        "x":-326.3516722,
        "y":-536.2999083,
        "z":131.5259126
      },
      "rot":{
        "z":0.9953622564,
        "w":-0.06126271118,
        "x":-0.004556267932,
        "y":-0.07402769224
      },
      "time":24,
      "trackPosition":true
    }
  ],
  "name":"camPath",
  "rotFixId":3,
  "version":"6"
}