{
  "looped":false,
  "manualFov":true,
  "markers":[
    {
      "fov":20,
      "movingEnd":true,
      "movingStart":true,
      "pos":{
        "x":-652.1808036,
        "y":533.7739325,
        "z":256.7812168
      },
      "rot":{
        "z":0.7844372059,
        "w":-0.6193150728,
        "x":-0.02061805537,
        "y":-0.02611525289
      },
      "time":0,
      "trackPosition":true
    },
    {
      "fov":20,
      "movingEnd":true,
      "movingStart":true,
      "pos":{
        "x":-649.1941562,
        "y":534.1970641,
        "z":256.9814094
      },
      "rot":{
        "z":0.7844372059,
        "w":-0.6193150728,
        "x":-0.02061805537,
        "y":-0.02611525289
      },
      "time":3,
      "trackPosition":true
    }
  ],
  "name":"camPath",
  "rotFixId":1,
  "version":"6"
}