{
  "looped":false,
  "manualFov":false,
  "markers":[
    {
      "fov":20,
      "movingEnd":true,
      "movingStart":true,
      "pos":{
        "x":-681.480835,
        "y":536.6481323,
        "z":256.7812195
      },
      "rot":{
        "z":0.7844372059,
        "w":-0.6193150728,
        "x":-0.02061805537,
        "y":-0.02611525289
      },
      "time":0,
      "trackPosition":true
    },
    {
      "fov":20,
      "movingEnd":true,
      "movingStart":true,
      "pos":{
        "x":-685.0533447,
        "y":536.6130981,
        "z":256.9814148
      },
      "rot":{
        "z":0.7844372059,
        "w":-0.6193150728,
        "x":-0.02061805537,
        "y":-0.02611525289
      },
      "time":3,
      "trackPosition":true
    }
  ],
  "name":"camPath",
  "rotFixId":1,
  "version":"6"
}