{
  "looped":false,
  "manualFov":true,
  "markers":[
    {
      "fov":25,
      "movingEnd":true,
      "movingStart":true,
      "pos":{
        "x":-654.8883818,
        "y":541.1652136,
        "z":255.2977727
      },
      "rot":{
        "z":0.9844540526,
        "w":-0.08853764744,
        "x":0.01358794615,
        "y":0.1510849796
      },
      "time":0,
      "trackPosition":true
    },
    {
      "cut":true,
      "fov":25,
      "movingEnd":true,
      "movingStart":true,
      "pos":{
        "x":-674.6546112,
        "y":543.9009406,
        "z":255.2977727
      },
      "rot":{
        "z":0.9957024057,
        "w":-0.0183193792,
        "x":0.001669939781,
        "y":0.09076525134
      },
      "time":12,
      "trackPosition":true
    },
    {
      "fov":25,
      "movingEnd":true,
      "movingStart":true,
      "pos":{
        "x":-670.762046,
        "y":525.9330312,
        "z":259.0150043
      },
      "rot":{
        "z":0.3333516793,
        "w":0.9214577839,
        "x":0.1875823027,
        "y":-0.06786081439
      },
      "time":12,
      "trackPosition":true
    },
    {
      "fov":25,
      "movingEnd":true,
      "movingStart":true,
      "pos":{
        "x":-663.0203333,
        "y":524.9812037,
        "z":260.0531673
      },
      "rot":{
        "z":0.140775845,
        "w":0.9461541265,
        "x":0.2883299011,
        "y":-0.04289986623
      },
      "time":24,
      "trackPosition":true
    }
  ],
  "name":"camPath",
  "rotFixId":1,
  "version":"6"
}