{
  "looped":false,
  "manualFov":true,
  "markers":[
    {
      "fov":40,
      "movingEnd":true,
      "movingStart":true,
      "pos":{
        "x":-624.3522949,
        "y":542.3057251,
        "z":257.1886292
      },
      "rot":{
        "z":0.9891350636,
        "w":-0.134607689,
        "x":-0.007968999251,
        "y":-0.05855844222
      },
      "time":0,
      "trackPosition":true
    },
    {
      "cut":true,
      "fov":40,
      "movingEnd":true,
      "movingStart":true,
      "pos":{
        "x":-637.7451172,
        "y":534.5700684,
        "z":257.8559875
      },
      "rot":{
        "z":0.642552594,
        "w":0.7552671024,
        "x":0.09842065861,
        "y":-0.08373256201
      },
      "time":16,
      "trackPosition":true
    },
    {
      "cut":false,
      "fov":30,
      "movingEnd":true,
      "movingStart":true,
      "pos":{
        "x":-625.5247192,
        "y":526.6186523,
        "z":258.8847656
      },
      "rot":{
        "z":-0.2817689643,
        "w":0.9538431293,
        "x":0.09961711913,
        "y":0.02942728381
      },
      "time":16,
      "trackPosition":true
    },
    {
      "fov":30,
      "movingEnd":true,
      "movingStart":true,
      "pos":{
        "x":-621.6123657,
        "y":529.151062,
        "z":258.9413147
      },
      "rot":{
        "z":-0.2817689643,
        "w":0.9538431293,
        "x":0.09961711913,
        "y":0.02942728381
      },
      "time":28,
      "trackPosition":true
    }
  ],
  "name":"camPath",
  "rotFixId":1,
  "version":"6"
}